Month-Year,Adams,Alexander,Bond,Boone,Brown,Bureau,Calhoun,Carroll,Cass,Champaign,Christian,Clark,Clay,Clinton,Coles,Cook,Crawford,Cumberland,Dekalb,Dewitt,Douglas,Dupage,Edgar,Edwards,Effingham,Fayette,Ford,Franklin,Fulton,Gallatin,Greene,Grundy,Hamilton,Hancock,Hardin,Henderson,Henry,Iroquois,Jackson,Jasper,Jefferson,Jersey,Jo Daviess,Johnson,Kane,Kankakee,Kendall,Knox,Lake,Lasalle,Lawrence,Lee,Livingston,Logan,Mcdonough,Mchenry,Mclean,Macon,Macoupin,Madison,Marion,Marshall,Mason,Massac,Menard,Mercer,Monroe,Montgomery,Morgan,Moultrie,Ogle,Peoria,Perry,Piatt,Pike,Pope,Pulaski,Putnam,Randolph,Richland,Rock Island,Clair,Saline,Sangamon,Schuyler,Scott,Shelby,Stark,Stephenson,Tazewell,Union,Vermilion,Wabash,Warren,Washington,Wayne,White,Whiteside,Will,Williamson,Winnebago,Woodford,Chicago,Unknown County,Total Count
2017-11-01,6,1,2,8,0,6,0,1,0,86,3,2,0,10,12,2062,1,1,19,3,3,1371,0,1,5,0,7,2,2,0,2,13,1,2,0,1,10,9,16,0,5,3,13,0,305,36,46,11,1172,18,3,4,4,4,3,154,183,19,7,73,3,1,0,1,1,0,11,3,2,3,11,65,2,2,0,0,0,2,4,1,32,71,1,113,1,1,2,1,7,32,2,9,0,2,2,0,0,6,381,8,70,14,1385,48,8031
2017-12-01,6,1,2,8,0,6,0,1,0,88,3,2,0,10,11,2119,1,1,19,3,3,1416,0,1,6,0,8,2,2,0,2,15,1,2,0,1,11,9,16,0,5,3,13,0,319,36,46,10,1198,19,3,4,4,4,3,162,180,19,7,77,3,1,0,1,1,0,11,3,2,4,11,69,2,2,0,0,0,2,4,1,33,77,1,117,1,1,2,1,8,32,2,9,0,2,2,0,0,6,398,9,75,14,1410,50,8255
2018-01-01,6,1,2,8,0,6,0,1,0,97,3,2,0,10,11,2165,1,1,22,3,3,1442,0,1,6,0,8,2,2,0,2,15,1,2,0,1,11,8,16,0,6,3,13,0,330,36,48,11,1219,20,2,4,4,4,3,165,181,21,7,79,3,1,0,1,1,0,11,3,2,4,12,72,2,2,0,0,0,3,5,1,33,79,1,119,2,1,2,1,8,32,2,9,0,2,2,0,0,5,410,9,78,13,1436,53,8435
2018-02-01,6,1,2,9,0,6,0,1,0,99,4,2,0,12,10,2241,1,1,23,3,3,1504,0,1,6,0,8,2,2,0,2,15,1,2,0,1,11,9,16,0,6,3,13,0,339,37,49,11,1269,19,2,4,4,4,3,178,182,22,7,79,3,1,0,1,1,0,10,3,2,4,11,75,2,3,0,0,0,3,5,1,34,81,1,123,2,1,2,1,8,32,2,9,0,2,2,0,0,5,426,9,83,13,1497,55,8748
2018-03-01,6,1,2,9,0,6,0,1,0,100,4,2,0,12,10,2257,1,1,23,3,3,1516,0,1,6,0,8,2,2,0,2,15,1,2,0,1,11,9,16,0,6,3,13,0,344,36,49,11,1270,19,2,4,4,4,4,182,181,22,7,79,3,1,0,1,1,0,10,3,2,4,11,75,2,3,0,0,0,3,5,1,31,83,1,122,2,1,2,1,8,32,2,9,0,2,2,0,0,5,436,9,84,13,1527,55,8825
2018-04-01,7,1,2,9,0,6,0,1,0,102,4,2,0,12,10,2279,1,1,23,3,3,1539,0,1,6,0,8,2,2,0,2,15,1,2,0,1,11,9,16,0,6,3,14,0,346,36,49,11,1288,19,2,4,4,4,4,186,182,22,7,77,3,1,0,1,1,0,10,4,3,4,11,77,2,3,0,0,0,3,5,1,32,85,1,122,2,1,2,1,8,32,2,10,0,2,2,0,0,5,445,9,85,13,1533,55,8921
2018-05-01,8,1,2,9,0,6,0,1,0,105,4,2,0,12,10,2390,1,1,23,3,3,1627,0,1,6,0,8,2,2,0,2,15,1,2,0,1,12,9,17,0,5,3,15,0,353,35,49,11,1348,19,3,4,5,4,5,197,183,23,9,82,4,1,0,1,1,0,11,4,3,4,11,86,2,3,0,0,0,3,5,1,32,89,1,128,2,1,2,1,8,35,2,10,0,2,2,0,0,5,468,9,90,14,1591,58,9329
2018-06-01,8,1,2,10,0,6,0,1,0,106,4,1,0,12,10,2436,2,1,24,3,3,1665,2,1,7,0,9,2,2,0,2,15,1,2,0,1,12,9,17,0,5,3,14,0,356,36,53,11,1368,21,3,4,6,4,5,197,188,23,9,89,4,1,0,1,1,0,12,4,3,4,12,88,2,3,0,0,0,3,5,1,35,94,1,129,2,1,2,1,8,35,2,10,0,2,3,0,0,5,485,9,91,14,1634,59,9538
2018-07-01,8,1,2,11,0,6,0,1,0,111,4,1,0,12,10,2481,2,1,25,3,3,1691,2,1,7,0,8,2,2,0,2,19,1,2,0,1,12,9,17,0,5,3,15,0,368,35,53,11,1388,22,3,4,6,4,5,207,188,24,9,89,4,1,0,1,1,0,12,4,3,5,12,88,2,3,0,0,0,3,5,1,35,94,1,130,2,1,2,1,8,36,2,10,0,2,3,0,0,6,495,9,92,14,1661,61,9707
2018-08-01,9,1,2,11,0,6,0,1,0,118,4,1,0,12,10,2575,3,1,25,3,2,1789,3,2,8,0,8,2,2,0,3,19,1,2,0,1,12,9,17,0,5,3,14,0,390,35,57,11,1435,24,3,4,6,4,5,217,189,25,9,97,5,2,0,1,3,0,14,4,3,5,12,89,2,3,0,0,0,3,5,1,35,98,2,139,2,1,2,1,8,37,2,11,0,2,3,0,0,6,519,10,96,15,1750,63,10149
2018-09-01,9,1,3,11,0,6,0,1,0,120,4,1,0,12,10,2649,3,1,27,3,2,1836,3,2,8,0,8,2,2,0,3,19,1,3,0,1,13,9,17,0,5,3,16,0,405,35,60,12,1475,25,3,4,6,4,5,229,188,25,9,99,5,2,0,1,3,0,15,4,4,5,13,92,2,3,0,0,0,4,5,1,35,103,2,143,2,1,2,1,9,40,2,11,0,2,3,0,0,7,531,10,98,15,1802,64,10440
2018-10-01,11,1,3,13,0,6,0,1,0,123,4,1,0,12,11,2755,2,2,30,3,2,1897,4,2,8,1,9,3,3,0,3,21,1,3,0,1,13,9,16,0,6,4,17,0,424,35,63,13,1536,26,3,4,7,4,6,236,192,26,11,106,5,2,0,1,3,0,18,4,4,5,13,94,2,4,0,0,0,4,5,1,38,109,1,143,2,1,2,1,9,39,2,12,0,2,3,0,0,9,555,11,104,16,1865,65,10847
2018-11-01,12,1,3,16,0,6,0,2,0,139,4,1,0,12,11,3022,2,2,36,3,3,2078,5,2,8,1,9,3,3,0,2,26,1,3,0,1,13,9,17,0,6,5,17,0,455,35,70,13,1721,32,3,4,7,4,7,260,205,27,11,116,5,2,1,1,3,0,19,4,3,5,14,104,2,4,1,0,0,4,5,1,39,120,1,147,2,1,2,1,10,42,2,12,0,2,3,0,0,10,619,12,117,17,2000,67,11858
2018-12-01,13,2,3,18,0,5,1,2,0,152,4,1,0,12,12,3254,2,2,40,3,4,2241,5,2,9,1,9,3,3,0,2,26,1,3,0,1,13,9,17,0,6,5,19,0,488,36,76,15,1825,32,3,5,6,3,7,278,208,28,12,123,7,2,1,2,3,0,19,4,3,5,15,113,3,5,1,0,0,4,5,1,41,126,2,159,2,1,2,1,11,43,2,12,0,2,3,0,0,10,660,13,122,18,2174,66,12713
2019-01-01,14,2,3,20,0,6,1,2,0,164,4,2,0,15,13,3442,2,2,40,3,4,2349,5,2,8,1,9,4,3,0,2,27,1,3,0,1,13,9,17,0,6,5,20,0,515,37,77,16,1908,32,3,5,6,3,7,291,212,29,12,131,7,2,2,2,3,0,20,4,3,5,15,118,4,5,2,0,0,4,5,1,45,136,2,162,2,1,2,1,12,46,2,12,0,2,3,0,0,11,706,13,126,18,2291,70,13373
2019-02-01,17,2,3,22,0,6,1,2,0,175,5,2,0,15,13,3748,2,2,44,3,4,2586,5,2,8,1,9,5,3,0,2,30,2,3,0,1,13,9,21,0,6,5,21,0,552,39,87,17,2039,34,3,6,6,3,8,320,223,28,12,144,8,3,2,2,3,0,21,4,3,5,18,127,4,5,2,0,0,4,6,1,49,144,2,166,2,1,2,1,13,52,2,11,0,3,3,0,0,11,777,13,133,19,2480,73,14494
2019-03-01,17,2,3,23,0,6,2,2,0,179,6,2,0,15,13,3794,2,2,43,3,4,2644,5,2,8,1,8,5,3,0,2,30,2,3,0,1,14,9,21,0,6,5,21,0,551,38,90,18,2066,33,3,6,7,3,9,320,224,29,13,145,8,3,2,2,3,0,21,4,3,5,18,126,4,5,2,0,0,4,6,1,50,143,2,160,2,1,2,1,13,55,2,11,0,3,3,0,0,12,796,13,136,19,2509,78,14691
2019-04-01,18,2,3,23,0,5,2,3,0,185,6,2,0,15,13,3880,2,2,44,3,5,2700,6,2,8,1,8,5,3,0,2,32,2,3,0,1,14,9,21,0,6,5,21,0,565,37,93,18,2116,33,3,6,7,3,8,327,226,30,13,147,8,3,2,2,3,0,21,5,3,5,19,132,4,5,2,0,0,4,7,1,49,146,2,160,2,1,2,1,13,56,3,11,0,3,3,0,0,12,814,14,140,19,2568,77,15016
2019-05-01,18,2,3,24,0,5,2,3,0,192,6,2,0,16,14,4019,3,2,46,3,5,2783,7,2,9,1,8,5,3,0,2,32,2,3,0,1,14,9,22,0,6,5,20,0,597,41,98,18,2180,35,3,6,7,4,8,346,232,31,12,162,8,3,2,2,3,0,23,5,3,5,20,137,4,5,2,0,0,4,7,1,53,152,2,165,2,1,2,1,14,57,3,12,0,3,3,0,0,13,847,15,142,19,2663,77,15559
2019-06-01,18,2,3,25,0,5,2,3,0,193,6,2,0,17,15,4072,3,3,46,3,5,2793,7,2,9,1,8,5,3,0,2,32,2,3,0,1,14,9,22,0,5,5,20,0,609,42,98,18,2244,34,3,6,8,4,8,351,234,32,12,168,9,3,2,2,3,0,24,5,6,5,20,137,4,5,2,0,0,4,7,1,51,157,2,167,2,1,2,1,14,58,3,13,0,3,3,0,0,15,864,16,146,19,2687,75,15775
2019-07-01,18,2,3,26,0,5,2,3,0,199,6,2,0,17,16,4157,3,3,50,3,5,2854,8,2,9,1,8,7,3,0,2,32,2,4,0,1,14,9,24,0,6,5,20,0,625,43,103,18,2289,34,4,6,8,4,8,361,236,33,12,173,9,3,2,2,3,0,26,5,6,5,21,143,4,5,2,0,0,4,7,1,52,162,2,170,2,1,2,2,14,57,3,14,0,3,3,0,0,15,882,17,148,20,2725,74,16104
2019-08-01,19,1,3,28,0,5,2,3,0,206,6,2,0,17,18,4363,4,3,57,3,5,2973,8,2,9,1,8,7,3,0,2,35,2,4,0,1,14,10,23,0,7,7,21,0,654,45,116,18,2405,33,4,10,8,4,8,376,243,36,12,180,9,3,4,2,4,0,26,6,8,5,22,153,4,5,2,0,0,4,7,1,51,168,2,173,2,1,2,2,14,63,3,15,0,3,3,0,0,14,935,17,158,20,2864,73,16882
2019-09-01,18,1,3,29,0,5,2,3,0,213,5,3,0,20,17,4490,4,3,60,3,5,3077,8,2,9,1,8,7,3,0,2,35,2,4,0,1,14,10,27,0,7,7,21,0,674,47,121,19,2469,33,4,9,9,4,9,383,242,38,11,183,9,3,4,2,5,0,26,6,8,5,22,157,4,5,2,0,0,4,7,1,54,170,2,176,2,1,2,2,16,67,3,16,0,3,3,0,0,14,969,18,163,20,2962,73,17390
2019-10-01,18,1,4,30,0,5,2,3,0,220,6,3,0,20,19,4684,4,3,62,4,5,3180,10,2,9,1,8,7,3,0,2,35,2,4,0,1,15,10,27,0,7,9,21,0,687,50,128,19,2554,35,4,9,10,4,9,388,247,39,11,187,9,3,4,2,6,0,28,6,8,5,22,159,4,5,2,0,1,4,7,1,54,179,2,178,2,1,2,3,16,69,3,17,0,3,3,0,0,14,1024,20,166,21,3095,73,18048
2019-12-01,18,1,4,36,0,5,2,4,0,232,6,4,0,20,18,4894,4,3,66,5,5,3299,10,2,10,1,8,7,4,0,2,37,2,4,0,1,18,10,29,0,7,9,22,1,739,50,137,17,2627,39,4,9,9,4,9,417,254,38,12,196,10,3,4,3,7,0,29,6,9,5,21,163,4,6,2,0,1,4,7,1,56,185,2,182,2,1,3,2,15,73,3,17,0,3,3,0,0,14,1054,22,173,22,3209,72,18769
2020-01-01,18,2,4,38,0,5,2,4,0,238,6,4,0,20,19,5015,4,3,68,5,5,3343,11,3,11,1,8,7,4,0,2,35,2,4,0,1,19,10,30,0,8,9,22,1,751,51,138,17,2681,40,4,10,9,4,10,431,261,38,13,201,10,3,4,3,9,0,29,6,9,5,21,166,4,6,2,0,1,4,7,1,57,190,2,182,2,1,3,2,16,74,3,18,0,2,3,0,0,14,1072,23,180,22,3336,73,19215
2020-02-01,18,1,4,38,0,5,2,5,0,249,8,4,0,22,22,5261,4,3,73,5,5,3514,11,3,10,2,9,7,5,0,1,35,2,4,0,1,18,10,30,0,9,9,22,1,783,52,146,17,2796,45,4,10,9,4,10,454,272,38,14,213,11,3,4,3,9,0,32,6,9,4,23,172,4,8,2,0,1,4,8,1,60,207,3,192,2,1,4,2,17,80,3,18,0,4,3,0,0,16,1143,26,182,23,3457,71,20117
2020-03-01,18,1,4,40,0,5,2,5,0,252,8,4,0,22,22,5333,4,3,76,5,5,3541,11,3,10,3,9,7,5,0,1,36,2,4,0,1,18,10,30,0,9,9,22,1,792,53,148,17,2826,45,4,10,9,4,10,458,275,40,14,220,11,3,4,3,9,0,32,6,9,4,24,175,4,9,2,0,1,4,8,1,61,210,3,198,2,1,4,2,16,81,3,19,0,4,3,0,0,16,1161,26,189,24,3479,70,20347
2020-04-01,17,1,4,40,0,5,2,5,0,260,7,4,0,22,22,5419,4,3,78,5,6,3593,11,3,10,3,9,7,5,0,1,36,2,4,0,1,18,10,30,0,9,9,22,1,810,54,151,17,2878,46,4,10,10,4,10,468,274,40,14,221,11,3,4,3,9,0,32,6,9,4,25,175,4,9,2,0,1,4,8,1,64,210,3,199,2,1,4,2,16,83,3,19,0,4,3,0,0,17,1183,26,194,24,3547,70,20683
2020-05-01,19,1,4,41,0,6,2,5,0,267,9,4,0,23,23,5527,4,3,80,5,6,3660,11,3,11,3,9,7,5,0,1,38,2,4,0,1,18,10,30,0,10,9,23,1,829,56,156,17,2930,46,4,9,10,5,10,478,282,40,16,233,11,3,4,4,8,0,33,6,9,4,25,175,4,11,2,0,1,5,8,1,66,223,3,207,2,2,4,2,16,86,3,20,0,4,3,0,0,17,1205,26,195,25,3631,70,21130
2020-06-01,19,1,4,42,0,7,2,5,0,269,9,4,0,24,24,5571,4,3,80,5,6,3680,12,3,11,3,9,7,5,0,1,38,2,4,0,1,20,11,31,0,10,9,24,1,832,56,159,17,2951,46,4,9,10,5,10,482,282,41,16,239,11,3,4,4,9,1,35,6,9,5,25,175,4,11,2,0,1,5,8,1,67,226,3,210,2,2,4,2,16,87,4,20,0,4,4,0,0,18,1224,25,203,25,3681,70,21336
2020-07-01,19,1,4,46,0,7,2,5,0,279,9,4,0,26,25,5698,4,3,87,5,6,3767,12,3,12,3,9,7,5,0,1,39,3,4,0,1,21,12,33,0,11,9,25,1,854,57,160,19,3009,46,4,9,10,5,10,503,287,42,17,238,11,3,5,4,9,1,36,6,9,5,28,180,4,11,2,0,1,5,8,1,67,226,3,212,2,2,4,2,16,94,4,21,0,4,4,0,0,19,1268,25,208,26,3801,70,21885
2020-08-01,19,1,4,48,0,11,2,5,0,287,9,4,1,25,26,5879,4,4,90,5,7,3881,12,3,12,3,9,7,4,0,1,40,3,4,0,1,19,12,34,0,11,9,25,2,886,58,169,21,3091,48,4,9,11,6,11,520,294,42,18,246,13,3,5,4,9,1,38,7,9,5,28,187,4,12,2,0,1,5,9,1,67,229,3,219,2,2,4,2,16,97,4,22,1,4,4,0,0,17,1316,26,215,26,3967,69,22612
2020-09-01,21,1,5,48,0,12,2,5,0,289,10,4,1,27,26,5956,4,4,91,6,7,3938,13,2,11,3,9,7,4,0,1,40,3,4,0,1,18,14,35,0,11,10,24,2,899,57,172,20,3137,50,5,8,11,6,11,522,298,43,18,249,14,3,4,4,9,1,38,8,9,5,28,189,4,12,3,0,1,5,9,1,67,234,3,226,2,2,4,2,16,98,4,24,1,4,5,0,0,18,1349,26,217,27,4040,68,22959
2020-10-01,21,1,7,50,0,13,2,5,0,298,10,5,1,27,26,6236,4,4,95,6,7,4094,12,2,10,3,9,7,4,0,2,45,3,4,0,1,20,15,37,0,12,10,25,3,949,60,185,23,3312,49,5,9,11,6,12,552,313,46,19,250,13,3,6,4,10,1,40,8,12,5,28,201,4,12,3,0,1,4,9,1,69,237,3,231,2,2,4,2,18,104,4,24,1,4,5,0,0,23,1435,27,227,28,4297,69,24118
2020-11-01,24,1,10,56,0,13,2,5,0,309,11,6,1,28,27,6408,4,4,100,6,7,4200,12,2,11,4,9,7,4,0,2,48,3,5,0,1,21,15,41,0,13,10,27,3,974,64,189,24,3377,53,5,9,11,6,12,566,323,45,19,274,14,3,6,4,10,1,42,8,12,5,29,211,4,12,3,0,1,4,9,1,73,255,3,233,2,2,4,3,19,105,4,27,1,4,5,0,1,23,1476,27,233,28,4398,71,24787
2020-12-01,25,1,10,56,0,13,2,5,0,313,11,6,1,28,28,6517,4,5,102,6,8,4304,12,2,11,4,9,7,4,0,2,48,3,5,0,1,21,15,44,0,14,11,28,3,1006,67,188,23,3456,54,5,9,11,6,12,576,330,45,18,279,14,3,6,4,10,1,43,9,13,6,30,214,4,13,3,0,2,4,10,2,74,272,3,234,2,2,4,3,19,107,4,27,1,4,5,0,1,25,1499,27,241,29,4501,70,25319
2021-01-01,27,1,10,57,0,14,2,5,0,316,12,6,1,28,29,6737,4,5,109,7,8,4478,12,1,11,4,9,7,4,0,2,49,3,6,0,1,22,15,44,0,14,11,30,3,1043,69,204,24,3549,55,5,10,12,7,12,596,336,52,19,281,14,3,6,4,10,1,43,9,13,8,30,221,4,13,3,0,2,4,10,2,74,276,3,239,2,2,4,3,19,109,4,27,1,4,5,0,1,28,1556,27,250,30,4709,71,26222
2021-02-01,29,1,10,60,0,14,2,5,0,320,13,6,1,29,30,6889,5,4,111,7,8,4596,13,1,11,4,8,7,4,0,2,51,3,7,0,1,24,15,45,0,15,11,29,3,1073,72,207,24,3616,56,5,12,12,7,11,616,343,53,20,287,16,3,8,4,11,2,45,10,14,8,31,221,4,14,4,0,2,4,11,3,79,282,3,250,2,2,7,3,19,112,5,28,1,4,6,0,1,29,1606,28,258,30,4781,71,26830
2021-03-01,31,1,11,61,0,15,2,5,0,323,13,6,1,30,32,6991,5,4,110,8,9,4644,14,1,11,4,8,8,4,0,2,53,3,7,0,1,24,15,46,0,16,12,30,3,1108,73,212,24,3669,57,5,12,12,7,11,641,343,55,21,294,16,3,8,4,11,3,45,10,13,8,32,229,4,14,4,0,2,4,11,3,80,290,3,253,2,2,7,3,21,114,5,29,1,5,7,0,1,29,1639,29,262,31,4865,72,27282
2021-04-01,34,1,12,68,0,20,2,5,0,337,13,6,2,34,37,7339,5,4,116,8,11,4839,15,2,14,6,9,11,4,0,2,53,3,8,0,2,27,17,50,0,18,14,32,3,1175,78,225,24,3878,63,7,13,13,7,11,681,364,59,22,312,18,3,8,5,11,3,49,10,15,8,36,242,5,17,4,0,2,4,15,5,86,324,5,282,2,2,7,3,22,129,6,33,1,5,7,0,1,31,1734,33,279,32,5130,73,28802
2021-05-01,37,1,12,72,0,21,2,5,0,340,14,6,2,35,39,7462,5,4,119,9,11,4913,16,2,16,5,9,11,5,0,2,53,2,7,0,2,28,17,52,0,18,15,33,4,1203,80,230,27,3906,64,6,13,14,7,11,690,376,61,23,325,17,3,8,6,11,4,52,11,16,8,37,253,5,17,4,0,2,5,15,7,89,338,5,293,2,4,7,2,23,134,6,35,1,5,8,0,2,32,1778,35,285,34,5210,72,29323
2021-06-01,39,1,14,74,0,21,2,5,0,352,14,6,2,38,38,7695,5,4,121,9,11,5009,16,2,16,5,9,11,5,0,2,55,2,8,0,2,27,17,54,0,18,15,33,4,1238,83,237,30,4006,66,6,13,14,7,11,697,392,64,23,328,17,3,9,6,12,4,52,11,17,8,41,266,5,18,4,0,2,5,15,7,94,351,5,302,2,4,7,2,25,143,7,38,1,5,9,0,2,32,1840,36,294,35,5354,72,30138
2021-07-01,41,1,14,78,0,21,2,6,0,374,15,7,3,37,38,8105,6,4,131,9,12,5289,18,2,17,5,9,12,6,0,2,58,2,9,0,2,28,17,58,0,20,17,34,4,1328,87,266,33,4187,71,6,17,14,7,12,748,415,66,23,344,19,5,10,6,13,4,55,11,17,9,49,289,5,19,4,0,2,5,17,5,96,373,5,317,2,4,7,2,29,151,7,39,2,7,9,0,2,35,1960,41,322,37,5713,71,31912
2021-08-01,44,1,14,77,0,21,2,6,0,388,15,8,3,39,39,8259,6,4,131,9,13,5357,18,2,19,5,10,13,6,0,2,60,2,9,0,2,28,19,58,0,22,18,35,4,1351,87,275,33,4240,71,6,18,15,6,12,772,428,66,24,362,19,6,10,6,13,4,56,11,16,9,50,300,5,18,5,0,2,5,20,6,103,384,5,324,2,4,7,2,31,153,7,41,2,7,10,0,2,38,2007,43,329,40,5857,68,32561
2021-09-01,43,1,13,77,0,21,3,6,0,399,15,8,4,41,38,8490,6,4,133,11,13,5457,18,2,19,4,10,15,6,0,2,61,2,9,0,2,28,19,58,0,20,18,36,3,1383,89,281,33,4331,74,6,19,16,6,12,796,438,67,28,375,19,5,10,6,13,4,58,11,16,9,51,301,5,19,5,0,2,6,20,6,104,395,5,330,2,5,7,2,31,156,7,43,2,7,10,0,2,37,2058,45,344,41,6006,69,33343
2021-10-01,43,1,15,79,0,21,3,6,1,408,15,9,5,41,38,8752,6,4,137,11,14,5635,18,2,20,4,10,14,6,0,1,62,2,9,0,3,30,21,59,0,22,18,40,3,1447,94,290,33,4429,76,6,19,17,6,12,818,453,72,29,389,19,7,10,7,13,5,60,11,16,9,52,314,5,20,5,0,2,6,22,6,109,410,5,333,2,5,7,2,32,159,8,44,2,7,11,0,3,41,2120,45,359,42,6179,71,34363
2021-11-01,45,1,15,80,1,22,3,6,1,418,15,9,5,41,38,9046,6,4,139,11,15,5804,18,2,20,5,10,14,7,1,1,64,2,9,0,3,33,20,60,0,23,18,41,3,1493,96,294,33,4547,79,6,22,20,9,13,845,501,74,30,399,19,8,10,8,13,6,60,11,16,9,53,322,5,20,5,0,2,6,23,6,113,421,5,343,2,6,8,2,33,165,9,49,2,7,11,1,3,39,2220,49,370,43,6381,80,35504
2021-12-01,47,1,15,81,1,22,3,6,1,425,15,9,5,39,39,9319,6,4,138,11,15,5955,18,2,20,5,10,16,7,1,1,66,2,9,0,3,34,20,61,0,25,18,41,3,1532,99,304,35,4684,88,6,22,20,9,13,878,523,79,31,407,19,8,10,9,13,6,62,11,16,9,53,326,5,21,5,0,2,8,23,6,114,426,5,356,2,6,8,2,37,170,9,48,3,8,11,1,3,42,2269,51,386,43,6541,80,36482
2022-01-01,49,1,16,83,1,24,3,6,1,440,18,9,5,44,40,9604,6,5,143,12,16,6157,19,2,22,5,10,16,7,1,2,68,2,9,0,3,35,20,62,0,28,21,42,3,1581,104,319,37,4795,91,7,22,19,8,14,927,581,80,32,438,21,8,10,10,14,6,68,13,18,10,53,332,6,21,5,0,2,9,22,5,118,442,6,358,2,6,8,2,37,192,9,50,3,8,11,1,3,43,2355,52,394,45,6750,80,37723
2022-02-01,50,1,16,87,1,23,3,7,1,458,19,10,5,44,40,9892,6,4,150,14,18,6391,19,2,22,6,8,16,8,1,2,71,2,10,0,3,38,21,63,1,29,21,43,3,1622,109,337,38,4899,94,7,23,21,10,14,949,613,82,31,447,21,8,12,11,14,6,71,14,18,10,56,344,6,20,5,0,2,9,23,5,117,448,7,371,2,6,8,2,36,200,10,50,3,8,12,1,3,45,2468,54,398,48,7021,79,38977
2022-03-01,52,1,17,88,1,23,3,7,1,468,19,10,5,44,41,10185,6,4,157,14,19,6520,20,2,23,6,9,17,8,1,2,72,2,9,0,3,40,22,64,1,29,21,46,3,1669,112,338,37,5051,95,7,24,23,10,14,990,633,87,31,448,23,9,13,10,13,5,72,15,21,10,58,354,6,20,6,0,2,9,22,4,121,452,7,385,2,6,8,2,34,210,11,51,3,8,12,1,3,46,2531,57,408,48,7168,79,39979
2022-04-01,58,2,17,90,1,23,3,7,1,488,19,10,6,45,41,10693,7,4,166,15,20,6783,20,2,24,6,10,17,8,1,2,74,2,10,0,3,41,23,66,1,32,23,46,3,1733,111,354,37,5233,102,7,24,25,14,14,1038,669,92,32,460,24,11,13,10,13,6,73,17,22,10,61,368,6,20,6,0,2,9,22,4,132,482,7,408,3,6,9,3,35,227,11,57,3,8,12,1,4,47,2660,62,432,51,7410,79,41704
2022-05-01,64,3,17,92,1,25,3,8,1,501,20,11,6,45,42,11496,7,5,173,15,20,6942,20,2,23,6,10,17,9,1,3,79,2,10,0,3,42,22,71,1,32,23,45,3,1771,114,369,38,5388,106,7,25,25,14,14,1066,675,98,33,471,26,11,14,10,14,6,77,18,23,8,63,380,6,22,6,0,2,8,21,4,138,503,8,420,3,7,10,4,34,236,11,58,3,8,11,1,4,49,2745,64,450,56,7725,79,43481
2022-06-01,67,6,17,95,1,27,2,8,1,507,22,12,7,47,41,11888,7,4,171,16,21,7075,21,3,24,6,9,17,9,1,4,81,2,11,0,3,43,22,70,2,32,24,46,3,1828,118,385,38,5540,111,7,26,26,15,15,1106,682,98,34,487,28,11,16,10,14,6,77,18,23,7,61,386,6,24,6,0,2,8,20,4,144,512,8,431,3,7,10,4,34,244,11,60,3,10,10,1,4,50,2818,65,462,59,7912,78,44658
2022-07-01,70,6,17,101,1,28,2,9,1,519,22,12,7,47,45,12629,7,4,180,16,21,7332,22,3,24,7,10,19,9,1,4,85,2,11,0,3,43,24,70,3,34,25,46,3,1901,128,403,39,5734,113,7,26,29,16,16,1156,702,103,36,503,30,11,16,11,14,6,83,19,23,7,67,394,6,23,6,0,2,9,20,5,147,532,8,446,3,6,12,4,34,255,11,59,3,10,10,2,4,53,2937,68,481,59,8236,77,46645
2022-08-01,70,9,20,106,1,31,2,10,1,555,26,13,7,52,47,13364,7,4,193,17,20,7656,22,4,26,8,11,20,13,1,4,91,2,12,0,3,44,26,73,3,34,26,48,3,1970,133,424,42,5943,119,7,30,30,16,18,1179,733,107,40,544,32,13,16,12,16,5,90,20,26,8,68,427,5,28,5,0,2,10,19,5,156,569,10,474,3,6,12,4,36,265,12,67,3,11,12,2,4,56,3087,69,497,65,8595,75,48917
2022-09-01,71,10,18,109,1,32,2,10,2,582,27,15,7,52,51,13936,7,4,207,17,20,7965,22,4,27,8,11,26,18,1,5,95,2,12,0,3,47,29,75,3,36,27,51,3,2045,144,448,46,6163,123,7,32,31,19,19,1237,755,108,42,570,32,13,16,13,16,6,96,20,27,8,70,450,7,29,5,0,2,11,21,5,171,608,12,493,3,6,13,4,37,273,13,69,3,11,12,3,5,60,3220,69,519,69,8962,73,50994
2022-10-01,75,11,19,116,1,34,2,11,2,604,28,17,7,50,56,14544,8,4,223,18,20,8257,22,4,29,8,11,26,18,1,5,100,2,13,0,3,55,31,77,3,39,26,55,3,2163,145,461,45,6465,129,8,32,34,19,20,1296,797,112,45,639,32,13,16,13,16,8,104,20,28,8,74,477,7,30,5,0,2,11,23,5,177,647,16,516,3,6,14,5,42,277,15,72,3,11,12,3,5,61,3363,74,536,72,9373,74,53317
2022-11-01,76,11,19,122,1,37,2,13,2,624,28,19,10,55,57,15230,8,4,227,19,22,8539,22,4,29,9,10,25,18,2,4,104,2,13,0,2,58,30,79,3,39,28,55,3,2233,151,479,46,6701,132,8,32,34,20,20,1334,834,119,44,681,35,12,18,13,16,8,108,20,28,9,77,488,7,33,5,0,2,11,24,5,179,663,17,526,3,6,15,5,43,287,15,72,3,12,12,3,5,62,3475,76,556,74,9698,75,55333
2022-12-01,81,15,20,129,2,46,3,13,2,642,28,19,10,57,59,15740,8,4,230,18,20,8832,24,4,29,9,11,26,18,2,4,115,2,13,1,2,61,30,81,3,41,31,57,3,2317,155,496,46,6851,136,8,37,34,26,23,1385,848,120,46,708,35,14,24,13,16,8,111,21,28,9,81,504,7,36,5,0,2,11,22,5,180,701,19,537,3,6,16,5,43,291,15,75,3,14,12,3,6,65,3632,79,585,77,10136,75,57311
2023-01-01,85,21,20,131,1,47,2,13,2,672,31,19,9,59,60,16492,8,4,236,20,21,9246,23,4,34,9,13,28,23,2,4,120,3,14,1,2,65,33,89,3,44,31,55,3,2422,163,536,46,7207,139,8,39,35,28,26,1443,878,126,51,729,35,15,25,13,16,9,118,22,28,10,83,522,7,36,6,0,1,11,22,6,196,732,19,568,3,7,16,4,45,296,16,74,3,14,14,4,7,68,3803,83,613,81,10589,74,59992
2023-02-01,95,27,20,145,1,52,2,13,3,723,34,19,10,60,63,17620,9,5,251,26,23,9799,26,6,35,10,13,31,24,2,4,128,3,15,1,2,72,36,93,3,44,33,57,4,2556,170,571,49,7558,148,8,45,34,31,26,1502,941,139,60,766,37,15,27,14,17,12,121,23,31,10,88,574,10,41,6,0,1,11,22,6,210,778,20,602,3,7,16,4,46,322,17,79,4,15,16,4,8,71,4092,83,649,89,11450,73,63970
2023-03-01,97,29,19,146,1,51,2,13,3,724,35,19,11,60,61,17900,9,5,255,26,23,9961,26,6,35,10,13,30,23,2,4,131,3,15,1,2,70,36,94,3,44,34,57,4,2603,172,571,50,7710,152,8,46,34,31,27,1539,951,143,61,795,37,16,26,14,17,12,127,23,31,11,91,575,10,43,6,0,1,11,22,6,213,793,20,619,3,7,15,4,46,329,17,80,4,16,16,4,8,73,4179,85,657,92,11571,73,64989
2023-04-01,103,35,19,153,1,52,3,17,3,760,36,20,11,63,62,18635,9,5,265,26,23,10430,27,6,35,10,13,30,24,4,5,137,3,15,1,2,73,36,93,3,44,37,57,3,2731,178,605,58,8003,154,8,46,34,32,27,1604,983,152,63,825,38,16,26,15,18,12,132,26,32,11,97,608,10,45,6,0,1,12,24,7,219,809,20,632,3,7,17,5,47,346,18,81,4,16,16,6,8,77,4388,91,682,98,12267,73,67958
2023-05-01,109,32,19,157,1,52,3,18,4,800,37,22,15,63,66,19200,10,5,270,26,25,10767,27,8,38,10,16,31,29,4,5,144,3,15,1,2,74,37,98,3,45,38,59,3,2795,181,619,60,8198,158,8,49,35,33,27,1645,1041,166,63,839,39,16,27,15,19,13,133,26,35,11,98,645,10,47,6,0,1,13,27,7,226,846,19,650,3,7,17,5,49,351,20,81,4,16,16,9,8,83,4559,94,700,101,12760,73,70193
2023-06-01,119,36,21,164,1,52,3,17,4,817,38,23,14,65,68,20094,10,7,284,30,25,11156,27,7,38,10,19,31,31,4,5,150,3,15,1,2,76,39,98,3,45,39,63,4,2902,194,646,60,8553,160,8,51,37,35,27,1714,1062,168,64,884,40,16,28,16,19,13,135,29,33,10,104,662,11,47,6,0,1,13,29,7,234,884,20,665,3,7,17,5,53,360,20,87,4,16,16,8,8,85,4762,96,727,107,13143,75,72944
2023-07-01,121,45,22,168,1,54,2,18,4,859,38,26,15,66,68,20977,10,8,297,31,28,11729,28,7,40,10,19,32,33,4,5,152,3,16,1,2,79,40,103,3,46,42,65,4,3033,198,668,60,8836,163,8,53,38,35,30,1779,1146,169,65,908,40,16,28,16,20,13,136,30,36,10,104,679,11,50,6,2,1,14,30,7,242,912,21,701,3,7,18,6,55,386,21,88,4,16,16,8,8,90,4962,95,762,113,13705,73,76071
2023-08-01,126,44,22,175,1,55,3,19,5,910,40,29,15,67,72,21837,10,8,310,34,28,12266,28,7,42,9,21,35,40,4,6,156,3,16,1,2,81,41,109,3,48,43,66,6,3178,208,719,66,9177,172,8,54,42,35,30,1841,1222,177,66,971,44,18,30,16,20,15,141,31,38,8,106,722,11,54,9,2,1,15,31,8,257,972,22,767,3,7,18,8,59,405,21,92,4,18,17,8,8,94,5288,100,785,125,14279,73,79559
2023-09-01,131,46,25,184,1,57,3,20,5,951,42,29,15,66,75,22693,11,8,322,34,29,12737,30,7,43,9,20,36,41,4,7,163,4,17,1,2,88,42,111,3,48,44,71,7,3302,215,762,67,9511,177,8,56,42,36,30,1909,1249,185,73,1004,47,20,31,17,21,15,147,34,38,8,111,759,11,59,9,2,1,16,32,8,267,1006,23,792,2,7,20,8,60,412,22,94,4,18,18,8,8,98,5531,103,820,124,14852,70,82661
2023-10-01,136,52,25,191,1,57,4,20,5,999,45,28,14,70,77,23553,11,9,335,34,30,13219,31,7,44,10,20,36,45,4,7,168,4,18,1,2,93,42,117,3,49,46,71,7,3445,214,789,68,9847,188,8,54,41,38,29,2000,1310,191,74,1027,49,19,31,18,21,17,155,38,39,9,121,776,12,67,9,2,1,16,34,9,279,1060,24,819,2,8,20,8,65,433,22,98,4,18,18,8,8,99,5764,107,852,126,15453,69,85870
2023-11-01,153,62,23,198,1,59,4,20,7,1027,49,28,14,74,80,24294,13,9,353,34,32,13608,34,7,48,10,21,37,47,4,8,175,4,18,1,2,95,43,126,3,52,46,74,7,3591,230,828,74,10137,196,9,56,44,39,29,2071,1350,194,74,1052,53,19,31,18,22,18,162,38,39,9,125,795,12,70,9,2,1,17,35,9,286,1095,26,842,2,9,20,10,66,455,22,106,4,18,19,9,7,105,6001,113,870,125,15891,69,88632
2023-12-01,166,60,23,208,1,59,3,20,7,1060,49,27,15,77,88,24978,13,11,364,35,31,14043,34,7,46,12,21,37,51,4,7,178,6,19,1,2,107,42,140,3,54,48,77,8,3727,232,861,74,10422,213,10,58,48,41,28,2152,1384,202,75,1065,55,20,31,17,22,20,169,45,41,9,124,824,13,71,9,4,4,18,35,10,295,1140,27,871,3,8,21,9,69,470,22,110,4,19,19,9,7,106,6215,116,904,135,16427,70,91451
2024-01-01,173,56,24,211,1,59,3,20,7,1087,55,27,14,82,94,25604,13,12,368,34,33,14417,39,7,48,12,21,40,51,3,7,179,6,19,1,2,109,42,150,3,56,50,77,9,3851,251,877,73,10751,217,10,65,49,41,29,2214,1394,204,84,1104,56,19,31,19,21,21,175,48,44,10,124,845,14,72,10,4,4,18,34,10,299,1178,27,891,3,8,22,9,71,483,22,112,4,19,19,10,7,108,6389,123,930,146,16753,70,93821
2024-02-01,168,40,29,216,3,63,3,21,7,1116,58,27,15,85,98,26244,14,12,377,31,33,14869,40,7,51,12,21,41,52,5,7,194,7,19,1,2,112,43,156,3,57,50,80,9,3967,268,898,77,11028,225,10,63,52,41,31,2265,1440,210,86,1140,57,19,32,19,22,21,181,46,45,10,131,879,14,75,10,4,3,19,36,10,312,1216,27,901,4,7,23,11,74,492,22,114,4,21,20,11,7,112,6622,126,968,149,17204,69,96448
2024-03-01,160,35,28,227,3,64,3,22,7,1138,58,26,14,89,100,26679,14,12,381,34,33,15092,38,7,53,14,21,40,57,5,7,193,7,20,1,2,113,42,158,3,57,51,79,10,4055,275,913,80,11196,230,10,65,53,41,33,2318,1423,215,88,1182,58,19,34,19,23,21,193,49,46,10,133,893,16,75,9,2,3,19,37,11,319,1229,27,919,4,7,25,12,75,493,21,113,4,22,21,12,7,114,6723,128,991,155,17452,69,97986
2024-04-01,160,35,28,225,3,62,3,22,8,1159,59,27,14,90,101,27183,16,13,390,34,35,15407,39,7,52,14,22,40,60,5,7,200,7,21,1,2,119,43,164,3,59,49,80,10,4148,282,942,88,11443,231,11,66,55,42,33,2404,1432,216,94,1206,60,21,34,19,23,23,198,50,49,10,138,909,17,77,10,2,3,19,38,11,332,1259,27,933,3,7,25,13,76,496,21,117,4,22,21,14,7,119,6922,135,1022,157,17767,69,100050
2024-05-01,159,33,29,231,3,60,3,26,7,1199,60,28,14,94,107,27884,18,15,407,36,37,15855,40,7,52,13,22,42,61,5,7,209,7,23,2,3,123,45,167,3,61,52,85,10,4308,290,991,88,11829,245,11,63,60,46,35,2491,1478,230,97,1277,60,21,35,19,25,23,203,49,52,11,149,949,18,82,10,2,4,19,38,12,343,1298,32,955,3,8,25,15,83,513,21,122,7,23,21,14,7,120,7163,136,1062,165,18314,67,103181
2024-06-01,159,26,27,237,5,60,4,26,10,1224,61,28,14,94,111,28412,18,15,425,39,37,16246,41,7,55,15,24,43,62,5,7,221,7,23,2,3,123,46,168,3,63,52,90,11,4455,308,1021,88,12115,253,12,64,61,48,34,2575,1519,239,99,1297,60,22,37,21,23,27,208,48,54,11,155,977,19,84,10,2,4,19,38,12,352,1331,33,985,3,7,23,15,83,532,21,122,6,23,22,13,7,126,7372,143,1082,174,18694,68,105605
2024-07-01,158,30,28,240,5,59,4,26,10,1240,65,30,14,95,116,29054,18,15,437,39,39,16663,41,7,56,16,24,44,66,5,7,229,7,25,8,3,124,49,173,3,62,53,91,11,4598,317,1058,91,12444,264,12,64,62,49,36,2638,1547,243,101,1334,60,22,36,21,24,30,210,47,58,13,161,991,21,84,10,2,4,24,38,16,360,1358,33,1012,3,7,24,15,83,545,21,124,6,24,23,15,8,133,7634,143,1113,181,19053,68,108205
2024-08-01,172,38,28,254,4,61,5,27,10,1283,66,32,14,103,122,29818,18,15,451,39,41,17095,41,7,58,16,25,43,70,5,8,234,7,26,8,3,123,50,176,4,64,55,87,13,4732,326,1087,97,12722,267,12,64,66,51,37,2720,1593,257,106,1380,66,22,40,21,24,32,209,48,60,17,166,1021,21,87,9,2,4,24,39,19,382,1407,34,1042,4,8,24,15,84,566,24,129,6,26,23,15,9,137,7870,148,1156,180,19485,66,111107
2024-09-01,177,43,28,256,4,62,5,27,12,1338,69,36,15,108,127,30495,19,15,462,39,44,17492,42,7,63,16,25,43,70,5,9,247,7,25,14,3,131,51,187,4,67,54,90,13,4860,338,1126,118,13037,280,13,67,71,48,37,2805,1630,263,107,1412,68,21,40,23,25,35,210,48,60,17,168,1049,21,88,8,2,4,23,43,19,398,1450,34,1069,4,8,25,16,86,580,23,148,7,26,23,17,9,139,8108,152,1193,183,19878,66,113872
2024-10-01,181,32,32,269,4,63,5,27,12,1380,69,37,15,109,125,31279,23,17,477,39,46,17935,44,7,66,16,26,48,74,5,9,248,7,25,14,4,132,52,190,4,67,55,91,13,5010,348,1172,122,13333,288,13,69,73,51,36,2890,1663,271,107,1455,70,21,40,23,24,35,216,49,62,18,170,1067,21,90,8,3,4,23,47,19,404,1489,34,1095,4,8,25,16,91,595,24,155,8,26,24,17,11,143,8366,154,1226,179,20328,67,116773
2024-11-01,194,41,34,278,5,68,5,27,11,1417,68,36,15,113,127,32083,23,17,487,41,45,18373,46,7,68,16,28,52,78,5,9,254,7,27,14,5,133,51,201,4,73,53,94,13,5138,377,1232,124,13694,295,12,70,72,53,38,2978,1731,278,105,1525,71,22,42,26,24,35,224,49,63,21,176,1101,21,91,8,3,4,23,48,19,428,1529,36,1115,5,9,25,16,96,609,26,155,8,27,24,18,12,145,8602,159,1253,185,20821,71,119913
