Station Name,City,State,ZIP,Latitude,Longitude
3M,St. Paul,MN,55117,44.95121,-92.9952
Lawson Parking Ramp,St. Paul,MN,55102,44.946327,-93.095535
Lower Town Parking Ramp,St. Paul,MN,55101,44.947042,-93.088226
St. Paul Natural Resources Department,St. Paul,MN,55108,44.973838,-93.156808
St. Paul Public Works Maintenance Garage,St. Paul,MN,55103,44.967593,-93.127742
World Trade Center Parking Ramp,St. Paul,MN,55101,44.948972,-93.0962
Country Chevrolet,Annandale,MN,55302,45.25643,-94.10853
THOMSON REUTERS EAGAN CAMPUS,Eagan,MN,55123,44.825192,-93.112679
Minnesota Department of Natural Resources,St. Paul,MN,55155,44.956138,-93.084209
Eden Prairie Nissan,Eden Prairie,MN,55344,44.86482,-93.43809
Eden Prairie Nissan,Eden Prairie,MN,55344,44.86482,-93.43809
Kline Nissan,Maplewood,MN,55109,45.03541,-93.04357
Kline Nissan,Maplewood,MN,55109,45.03541,-93.04357
CARLETON JAMES HALL EAST,Northfield,MN,55057,44.460308,-93.15215
State Capitol,St. Paul,MN,55103,44.9554,-93.105642
Luther Nissan,Inver Grove Heights,MN,55077,44.877212,-93.076039
Luther Nissan,Inver Grove Heights,MN,55077,44.877212,-93.076039
Lupient Nissan,Rochester,MN,55901,44.071507,-92.499454
Lupient Nissan,Rochester,MN,55901,44.071507,-92.499454
Miller Nissan,St. Cloud,MN,56301,45.547548,-94.194363
Miller Nissan,St. Cloud,MN,56301,45.547548,-94.194363
Minnesota Discovery Center,Chisholm,MN,55719,47.479994,-92.894412
Roush,Bemidji,MN,56601,47.4736111,-94.8802778
Dynamic Sealing Technologies,Andover,MN,55304,45.22168,-93.309692
White Bear Mitsubishi Suzuki,White Bear Lake,MN,55110,45.044102,-93.038002
Green Rock Apartments - Downtown Lofts,Minneapolis,MN,55415,44.97518,-93.25363
HOLIDAY INN! HOLIDAY INN 01,Duluth,MN,55802,46.78514,-92.102118
3M Center,Maplewood,MN,55119,44.949919,-92.998105
Gateway Ramp,Minneapolis,MN,55415,44.978436,-93.263535
Minneapolis-St. Paul International Airport - Terminal 2,Minneapolis,MN,55450,44.87386,-93.228019
Walser Nissan,Burnsville,MN,55306,44.73423,-93.28646
Walser Nissan,Burnsville,MN,55306,44.73423,-93.28646
Jimmy Lee Recreational Center,St. Paul,MN,55104,44.9491365536018,-93.14523688200076
MINNEAPOLIS HAAF RAMP L2-2,Minneapolis,MN,55415,44.977272,-93.262955
Eden Prairie City Center,Eden Prairie,MN,55344,44.856491,-93.46274
Riverland Community College,Albert Lea,MN,56007,43.677197,-93.354029
Dave Syverson Nissan,Albert Lea,MN,56007,43.655954,-93.334482
CR 2020 483-EVCHG-1,Falcon Heights,MN,55108,44.983428,-93.182787
Holiday Stationstore #434,Minneapolis,MN,55450,44.86432,-93.223387
Inver Grove Ford Lincoln,Inver Grove Heights,MN,55077,44.880515,-93.080637
Hayford Ford,Isanti,MN,55040,45.514149,-93.237088
Polar Chevrolet Mazda,White Bear Lake,MN,55110,45.064992,-93.024212
New Brighton Ford,New Brighton,MN,55112,45.066177,-93.220016
Rosedale Chevrolet,Roseville,MN,55113,45.026189,-93.193662
St. Louis Park - City Hall,St. Louis Park,MN,55416,44.94674,-93.342971
Fat Jack's Cabaret,Bock,MN,56313,45.786248,-93.552278
Morrie's Nissan,Brooklyn Park,MN,55445,45.093871,-93.372061
Green Rock Apartments,Minneapolis,MN,55418,45.007619,-93.244688
Green Rock Apartments,Minneapolis,MN,55404,44.967773,-93.267233
Green Rock Apartments,Minneapolis,MN,55405,44.957971,-93.285849
Motel 6 - Owatonna,Owatonna,MN,55060,44.135921,-93.254538
CMC CMC HOSPITAL,Cambridge,MN,55008,45.567308,-93.231202
UMN 214-EVCHG-1,Minneapolis,MN,55455,44.969677,-93.243328
beKind Salon and Spa,St. Paul,MN,55110,45.050399,-92.995996
LIFESOURCE EV 1,Minneapolis,MN,55411,45.002323,-93.277028
NORTH ST PAUL CITY HALL,North St Paul,MN,55109,45.013696,-92.991697
Wayzata Nissan,Wayzata,MN,55391,44.97191,-93.48118
Wayzata Nissan,Wayzata,MN,55391,44.97191,-93.48118
PUBLIC STATIONS NORTH MISS PARK,Minneapolis,MN,55430,45.048396,-93.283691
Morrie's Nissan,Brooklyn Park,MN,55445,45.093871,-93.372061
Minneapolis-St. Paul International Airport - Terminal 1 Red Ramp,St. Paul,MN,55111,44.88396,-93.211253
Riverplace Municipal Garage,Minneapolis,MN,55414,44.986556,-93.256958
HY VEE LAKEVILLE SOUTH,Lakeville,MN,55044,44.714683,-93.174175
NSCF NSC LOT G,Blaine,MN,55449,45.158266,-93.225787
HY VEE BROOKLYN PARK 1,Brooklyn Park,MN,55445,45.126087,-93.358431
LUTHER WESTSIDE VW_402408,Saint Louis Park,MN,55416,44.960082,-93.34622
3M 280 STATION #2,Maplewood,MN,55144,44.957044,-93.003109
3M 280 STATION #4,Maplewood,MN,55119,44.957,-93.003123
HY VEE EAGAN SOUTH,Eagan,MN,55121,44.83405,-93.170682
DAKOTA COUNTY THOMPSON PARK,West Saint Paul,MN,55118,44.910364,-93.067042
DAKOTA COUNTY WHITETAIL WOODS,Farmington,MN,55024,44.684937,-93.080793
3M 236 STATION #6,Maplewood,MN,55119,44.954303,-92.988009
ROSEDALE CENTER STATION 2,Roseville,MN,55113,45.013158,-93.170886
3M 220 GUEST 2,Maplewood,MN,55119,44.950753,-92.997336
3M 278 GUEST PARK,Maplewood,MN,55119,44.962433,-92.999833
UMN 183-EVCHG-1,Minneapolis,MN,55455,44.97145,-93.236027
UMN 163-EVCHG-1,Minneapolis,MN,55455,44.976321,-93.23395
UMN 217-EVCHG-1,Minneapolis,MN,55454,44.970956,-93.246156
UMN 170-EVCHG-1,Minneapolis,MN,55455,44.979238,-93.231843
UMN 158-EVCHG-4,Minneapolis,MN,55455,44.974045,-93.231079
CR 2020 188-EVCHG-1,Minneapolis,MN,55455,44.976277,-93.228946
COBORNS ISANTI CORBONS,Isanti,MN,55040,45.490986,-93.235184
2525 WABASH 2525 WABASH,Saint Paul,MN,55114,44.962459,-93.205156
HY VEE AUSTIN WEST,Austin,MN,55912,43.683686,-92.991586
HY VEE AUSTIN EAST,Austin,MN,55912,43.683701,-92.991114
Goodwill,Arden Hills,MN,55112,45.050279,-93.147247
ORIGINAL GO MDOT STATION 01,Roseville,MN,55113,45.01222,-93.164797
INDIGO @ BCS INDIGO @ BCS,Bloomington,MN,55425,44.858024,-93.224655
HY VEE COTTAGE GROVE E,Cottage Grove,MN,55016,44.83077,-92.958853
U OF M - MORRIS MORRIS 001,Morris,MN,56267,45.592028,-95.899303
Elk River Utilities,Elk River,MN,55330,45.303389,-93.568336
NUPUC1 NUPUC1,New Ulm,MN,56073,44.31573,-94.459497
HY VEE SHAKOPEE NORTH,Shakopee,MN,55379,44.778888,-93.538625
MINNESOTA STATE LOT 11A - 2,Mankato,MN,56001,44.1467,-94.001695
MILL ST RAMP MILL ST RAMP 2,Wayzata,MN,55391,44.969753,-93.510652
Hopkins Parking Ramp,Hopkins,MN,55343,44.923553,-93.413391
1600 SPRUCETREE SPRUCE TREE2,Saint Paul,MN,55104,44.955329,-93.167577
CITY OF OLIVIA OLIVIA EV STOP,Olivia,MN,56277,44.776888,-94.988415
ERMU STATIONS STATION 2,Elk River,MN,55330,45.304112,-93.600473
LANESBORO BASS POND 01,Lanesboro,MN,55949,43.720512,-91.979085
University of Minnesota Dual,Minneapolis,MN,55455,44.973875,-93.230153
PUBLIC STATIONS MPLS PARK & REC,Minneapolis,MN,55411,45.000535,-93.277189
University of Minnesota - Morris,Morris,MN,56267,45.594972,-95.878988
THE LIBERTY STATION 1,Minneapolis,MN,55427,45.005577,-93.378769
The Arrowwood Lodge at Brainerd Lake - Tesla Supercharger,Baxter,MN,56401,46.378836,-94.256378
The Holiday Inn - Tesla Supercharger,Duluth,MN,55802,46.784467,-92.10232
Tobies Restaurant - Tesla Supercharger,Hinckley,MN,55037,46.009797,-92.93137
Hy-Vee - Tesla Supercharger,Oakdale,MN,55128,44.964892,-92.961249
Hy-Vee - Tesla Supercharger,Rochester,MN,55902,44.006337,-92.470924
Ground Round Grill & Bar - Tesla Supercharger,Worthington,MN,56187,43.63385,-95.595647
HY VEE RBNSDALE SOUTH,Robbinsdale,MN,55422,45.01931,-93.327033
GOLDEN VALLEY CITY HALL,Golden Valley,MN,55427,44.986962,-93.379762
AC Marriott,Golden Valley,MN,55416,44.969248,-93.343472
Red Wing - Public Parking Lot,Red Wing,MN,55066,44.565955,-92.533975
Noodles and Co,Moorhead,MN,56560,46.849465,-96.76724
Holiday inn Austin Conference Center - Tesla Destination,Austin,MN,55912,43.68223,-92.98115
Invictus Brewing Company - Tesla Destination,Blaine,MN,55449,45.161348,-93.219438
TownePlace Suites Minneapolis Mall of America - Tesla Destination,Bloomington,MN,55425,44.857096,-93.236489
"Staybridge Suites Minneapolis-Bloomington, an IHG Hotel - Tesla Destination",Bloomington,MN,55437,44.855752,-93.348927
Hampton Inn Minneapolis Bloomington West - Tesla Destination,Bloomington,MN,55437,44.855327,-93.351803
AC Hotel by Marriott Bloomington Mall of America - Tesla Destination,Bloomington,MN,55425,44.85603,-93.236595
Buck Hill Ski Area - Tesla Destination,Burnsville,MN,55306,44.72496,-93.283437
GrandStay Hotel & Suites Cannon Falls - Tesla Destination,Cannon Falls,MN,55009,44.483338,-92.910632
White Eagle Resort - Tesla Destination,Cook,MN,55723,47.939779,-92.66405
Ludlow's Island Resort - Tesla Destination,Cook,MN,55723,47.898277,-92.555854
Hilton Garden Inn Minneapolis Eagan - Tesla Destination,Eagan,MN,55122,44.788633,-93.206451
Staybridge Suites Eagan Arpt South - Mall Area - Tesla Destination,Eagan,MN,55122,44.787819,-93.20867
Edina Galleria - Tesla Destination,Edina,MN,55435,44.877645,-93.322056
Adventure Inn - Tesla Destination,Ely,MN,55731,47.903447,-91.849141
Old Log Theatre with Cast & Cru Restaurant - Tesla Destination,Excelsior,MN,55331,44.910286,-93.558302
Holiday Inn Express Golden Valley - Tesla Destination,Golden Valley,MN,55416,44.971359,-93.356472
Bearskin Lodge - Tesla Destination,Grand Marais,MN,55604,48.035938,-90.406258
Clay Coyote Gallery & Pottery - Tesla Destination,Hutchinson,MN,55350,44.964373,-94.349992
Holiday Inn Hotel & Suites St. Paul NE - Tesla Destination,Lake Elmo,MN,55042,44.951908,-92.93233
Machine Shed Restaurant Lake Elmo - Tesla Destination,Lake Elmo,MN,55042,44.951306,-92.933065
AmericInn Hotel & Conference Center - Tesla Destination,Mankato,MN,56001,44.145641,-93.990879
Kato Escape Room - Tesla Destination,Mankato,MN,56001,44.162203,-94.007453
Courtyard By Marriott Hotel & Event Center - Tesla Destination,Mankato,MN,56001,44.174765,-93.957133
Courtyard by Marriott Maple Grove / Arbor Lakes - Tesla Destination,Maple Grove,MN,55369,45.092325,-93.429771
Hampton Inn Minneapolis NW Maple Grove - Tesla Destination,Maple Grove,MN,55369,45.09426,-93.44621
Sleep Inn & Suites Marshall - Tesla Destination,Marshall,MN,56258,44.4412,-95.783063
Hyatt Regency Minneapolis - Tesla Destination,Minneapolis,MN,55403,44.970602,-93.278264
Crowne Plaza Minneapolis Northstar Downtown - Tesla Destination,Minneapolis,MN,55402,44.976151,-93.269278
Hampton Inn & Suites Minneapolis West/ Minnetonka - Tesla Destination,Minnetonka,MN,55305,44.973207,-93.414931
GrandStay Hotel & Suites Montevideo - Tesla Destination,Montevideo,MN,56265,44.951355,-95.704417
Dacotah Ridge Golf Club - Tesla Destination,Morton,MN,56270,44.501035,-94.931049
Jackpot Junction Casino - Tesla Destination,Morton,MN,56270,44.53053,-94.998086
Homewood Suites by Hilton Minneapolis-New Brighton - Tesla Destination,New Brighton,MN,55415,45.078577,-93.187271
Parkview Medical Clinic - Tesla Destination,New Prague,MN,56071,44.544042,-93.558248
Owatonna Public Utilities - Tesla Destination,Owatonna,MN,55060,44.086181,-93.227351
Holiday Inn & Suites Owatonna - Tesla Destination,Owatonna,MN,55060,44.136626,-93.254645
St. James Hotel - Tesla Destination,Red Wing,MN,55066,44.565877,-92.535965
TownePlace Suites by Marriott Rochester - Tesla Destination,Rochester,MN,55901,44.068469,-92.506496
La Quinta Inn & Suites Rochester - Tesla Destination,Rochester,MN,55904,43.960275,-92.462611
Home2 Suites by Hilton Roseville Minneapolis - Tesla Destination,Roseville,MN,55113,45.023612,-93.185827
Holiday Inn Express Roseville-St. Paul - Tesla Destination,Roseville,MN,55113,45.022644,-93.193257
Holiday Inn Express & Suites Minneapolis SW - Shakop - Tesla Destination,Shakopee,MN,55379,44.784313,-93.461923
Grandstay New London - Tesla Destination,Spicer,MN,56288,45.21202,-94.95565
AC Hotel by Marriott Minneapolis West End - Tesla Destination,St Louis Park,MN,55416,44.96936,-93.3442
Hampton Inn & Suites Downtown St. Paul - Tesla Destination,St. Paul,MN,55102,44.943732,-93.103125
Timberlake Hotel - Tesla Destination,Staples,MN,56479,46.355184,-94.782643
Wild Mountain Ski & Snow Board Area - Tesla Destination,Taylors Falls,MN,55084,45.488811,-92.705093
Lutsen Resort - Tesla Destination,Tofte,MN,55615,47.636469,-90.70809
Grand Superior Lodge - Tesla Destination,Two Harbors,MN,55616,47.120092,-91.503289
Larsmont Cottages - Tesla Destination,Two Harbors,MN,55616,46.971706,-91.753125
La Quinta Inn & Suites Woodbury - Tesla Destination,Woodbury,MN,55125,44.93878,-92.955088
VIRGINIA PU VETS MEMORIAL 2,Virginia,MN,55792,47.524884,-92.535819
HENNEPIN COUNTY CENTRAL LIBRARY,Minneapolis,MN,55401,44.980257,-93.270034
7700 RAMP 7700 FRANCE AVE,Edina,MN,55435,44.8626,-93.331969
Paul Bunyan Park,Bemidji,MN,56601,47.471643,-94.878889
Minnesota Department of Natural Resources,St. Paul,MN,55106,44.94386246667867,-93.05007910583498
Eden Prairie City Center,Eden Prairie,MN,55344,44.856491,-93.46274
Minnesota Department of Natural Resources - Fleet Parking,St. Paul,MN,55155,44.955829,-93.082473
CR 2020 141-EVCHG-1,Minneapolis,MN,55414,44.971602,-93.226369
Kum & Go - Tesla Supercharger,Sherburn,MN,56171,43.661514,-94.732824
The Clearwater Travel Plaza - Tesla Supercharger,Clearwater,MN,55320,45.411899,-94.054852
RISE by Elevation - Tesla Destination,Minneapolis,MN,55430,45.074457,-93.309125
UMN 170-EVCHG-2,Minneapolis,MN,55414,44.979288,-93.232046
CITY OF ST PAUL RIVER CENTRE 4,Saint Paul,MN,55102,44.943179,-93.10036
CSG EV BURNSVILLE 3697,Burnsville,MN,55337,44.77419,-93.279146
PRB HIGH SCHOOL PINERIVERBACKUS,Pine River,MN,56474,46.727532,-94.408763
CSG EV CSG EV 5930,Burnsville,MN,55337,44.774749,-93.277263
CSG EV BURNSVILLE 3686,Burnsville,MN,55337,44.774388,-93.279211
PLHSCHARGING PEQUOT LAKES HS,Pequot Lakes,MN,56472,46.600418,-94.315765
Lunds & Byerlys,St. Paul,MN,55101,44.951181,-93.095392
CITY OF NFLD STATION 1,Northfield,MN,55057,44.45552,-93.161865
DAKOTA COUNTY HERITAGE,Lakeville,MN,55044,44.657741,-93.24496
3M 229 NORTHLOT #5,Maplewood,MN,55119,44.952639,-92.997122
3M 229 NORTHLOT #2,Maplewood,MN,55119,44.95283,-92.997113
3M 229 NORTHLOT #1,Maplewood,MN,55119,44.952891,-92.997102
CITY OF ST PAUL SUN RAY #2,Saint Paul,MN,55119,44.953941,-93.010868
CITY OF ST PAUL SUN RAY #1,Saint Paul,MN,55119,44.953971,-93.011393
DAKOTA COUNTY PLEASANT HILL,Hastings,MN,55033,44.737556,-92.884895
CONFLUENCE EV STATION 1,Hastings,MN,55033,44.744042,-92.853707
UMN DULUTH DARLAND,Duluth,MN,55812,46.816209,-92.083907
MOOSE LAKE LEVEL 3,Moose Lake,MN,55767,46.452592,-92.763636
BLOOMINGTON CIVIC PLAZA,Bloomington,MN,55431,44.825958,-93.303514
LUNDS FOODS EV1,Minneapolis,MN,55403,44.97418,-93.280732
"Walmart 2643 - Woodbury, MN",Woodbury,MN,55129,44.94571,-92.89834
HY VEE MAPLE GROVE A,Maple Grove,MN,55311,45.082744,-93.517362
SVE LIGHTNING PIPESTONE,Pipestone,MN,56164,43.993828,-96.30192
CUB FOODS MINNEHAHA,Minneapolis,MN,55406,44.918395,-93.215457
MOTLEY DC FAST CHARGER,Motley,MN,56466,46.341207,-94.648787
MINNEAPOLIS RAMP A L3-2,Minneapolis,MN,55402,44.97829,-93.277907
HY VEE COTTAGE GROVE W,Cottage Grove,MN,55016,44.83101,-92.958577
HY VEE LAKEVILLE NORTH,Lakeville,MN,55044,44.715506,-93.174153
HY VEE NEW HOPE WEST,Minneapolis,MN,55428,45.034374,-93.384068
Continental Ski and Bike,Duluth,MN,55805,46.800402,-92.083178
PUBLIC STATIONS MINNEHAHA PARK,Minneapolis,MN,55417,44.91621,-93.205405
JLRMINNEAPOLIS SHOP03,Golden Valley,MN,55426,44.972664,-93.39476
MINNEAPOLIS RAMP C L3-4,Minneapolis,MN,55401,44.982857,-93.273962
MINNEAPOLIS LEAMNGTN L2-1,Minneapolis,MN,55403,44.972115,-93.27181
MINNEAPOLIS LEAMNGTN L2-4,Minneapolis,MN,55403,44.971965,-93.272071
MINNEAPOLIS RAMP A L4-1,Minneapolis,MN,55402,44.978259,-93.277873
MINNEAPOLIS RAMP B L3-4,Minneapolis,MN,55403,44.980891,-93.276124
Trails Travel Center - Tesla Supercharger,Albert Lea,MN,56007,43.657558,-93.318197
Hy-Vee - Tesla Supercharger,Robbinsdale,MN,55422,45.019569,-93.325799
HealthPartners Neuroscience Specialty Center,St. Paul,MN,55130,44.96192,-93.087048
Fairfield Inn & Suites Minneapolis Mall of America - Tesla Destination,Bloomington,MN,55425,44.858066,-93.236759
Staybridge Suites Mpls-Maple Grove/Arbor Lakes - Tesla Destination,Maple Grove,MN,55369,45.09574,-93.44813
Hilton Garden Inn Minneapolis Saint Paul-Shoreview - Tesla Destination,Shoreview,MN,55126,45.060673,-93.144437
Homewood Suites St. Louis Park - Tesla Destination,St Louis Park,MN,55416,44.969261,-93.347065
CITY OF ST PAUL COMO PV1,Saint Paul,MN,55117,44.981639,-93.143751
CITY OF ST PAUL SMITH RAMP 1,Saint Paul,MN,55102,44.946117,-93.10391
CITY OF ST PAUL SMITH RAMP 2,Saint Paul,MN,55102,44.946138,-93.103841
ST LOUIS PARK REC CENTER,St. Louis Park,MN,55416,44.937263,-93.341545
Willie’s SuperValu,Morris,MN,56267,45.588471,-95.915194
So Roc on Maine,Rochester,MN,55904,43.9502936,-92.4600338
"Alexandria, MN - Tesla Supercharger",Alexandria,MN,56308,45.850438,-95.38895
CROW WING POWER PARKING LOT,Brainerd,MN,56401,46.403167,-94.28097
MN2111 LEVEL 3- A,Minneapolis,MN,55415,44.975139,-93.265708
HENNEPIN COUNTY EP LIBRARY,Eden Prairie,MN,55344,44.850627,-93.42756
Simonson Station Store Alexandria,Alexandria,MN,56308,45.84549,-95.38926
Target - Tesla Supercharger,Saint Louis Park,MN,55416,44.936292,-93.348112
North Parking Lot Behind Building,Clara City,MN,56222,44.955627,-95.3680127
SHOREVIEW SHOREVIEW #2,Shoreview,MN,55126,45.080723,-93.132427
Element Fleet Management,Hopkins,MN,55343,44.926916,-93.39816
MACALESTER MAC FAC NORTH,Saint Paul,MN,55105,44.93839,-93.16988
CITY OF NFLD STATION 2,Northfield,MN,55057,44.455242,-93.15916
Minnesota Motor Co,Fergus Falls,MN,56537,46.272278,-96.057642
Mankato Area Foundation,Mankato,MN,56001,44.166241,-94.001677
House Chevrolet,Stewartville,MN,55976,43.851496,-92.487842
Beltrami Electric Coop,Bemidji,MN,56601,47.507079,-94.909183
City of North Mankato,North Mankato,MN,56003,44.17888,-94.03763
Pine City DCFC,Pine City,MN,55063,45.82084,-92.96937
Grand Portage Casino,Hovland,MN,55606,47.953845,-89.69266
By the Yard inc.,Jordan,MN,55352,44.713137,-93.588071
MN2111 LEVEL 2-B,Minneapolis,MN,55415,44.974943,-93.264998
BIRTH CENTER BIRTH CENTER 1,Saint Paul,MN,55101,44.955891,-93.093363
NORTHFIELD HOSP STATION #1,Northfield,MN,55057,44.474187,-93.192312
CITY OF EDINA CITY HALL 1,Edina,MN,55424,44.911248,-93.347814
CITY OF EDINA NORTH RAMP L2,Edina,MN,55424,44.913617,-93.331163
MN2111 LEVEL 2-A,Minneapolis,MN,55415,44.975012,-93.265344
TARGET T0260 STATION 1,St. Louis Park,MN,55416,44.936378,-93.347996
TARGET T0821 STATION 1,Alexandria,MN,56308,45.849634,-95.389654
Target - Tesla Supercharger,Minnetonka,MN,55305,44.970509,-93.446701
Cityview Flats,Duluth,MN,55806,46.788168,-92.10369
LivInn Hotels - 13080 Aldrich Ave South,Burnsville,MN,55337,44.766836,-93.290315
LivINN Hotels - 5201 Central Avenue NE,Fridley,MN,55421,45.063436,-93.245255
LivInn Hotels - 285 Century Ave N.,Maplewood,MN,55119,44.95098,-92.985194
Westwood Hills Nature Center,St. Louis Park,MN,55426,44.96726,-93.38869
UMN DULUTH PAY LOT G,Duluth,MN,55811,46.820736,-92.082186
UMN DULUTH KIRBY DRIVE S,Duluth,MN,55812,46.816378,-92.087503
DAKOTA COUNTY EMPIRE FACILITY,Rosemount,MN,55068,44.716061,-93.124304
NESIDECITYHALL STATION #1,Apple Valley,MN,55124,44.735012,-93.20862
Olmsted Medical Center - Hospital & 24-Hour ED,Rochester,MN,55904,44.019789,-92.441053
Goodwill - Rochester,Rochester,MN,55901,44.044087,-92.515787
Dahl Chevrolet Buick GMC,Winona,MN,55987,44.044181,-91.670204
Bluff Country Co-op,Winona,MN,55987,44.053621,-91.638368
MCPA AIRPORT VIEW 1,Rochester,MN,55902,43.915247,-92.48202
Target - Tesla Supercharger,Minneapolis,MN,55413,45.004478,-93.228702
TARGET T1095 STATION 2,Minneapolis,MN,55413,45.004242,-93.228511
TARGET T0100 STATION 1,Minnetonka,MN,55305,44.970514,-93.447014
BN PARK STATION 1,Wadena,MN,56482,46.441806,-95.137942
HENNEPIN COUNTY TARGETFIELDSTN1,Minneapolis,MN,55401,44.983616,-93.278599
HUTCH UTILITIES DC FAST 1,Hutchinson,MN,55350,44.89464,-94.36979
UNIV ST THOMAS TOMMIE 4,Saint Paul,MN,55104,44.945845,-93.188108
UNIV ST THOMAS TOMMIE 1,Saint Paul,MN,55104,44.943752,-93.18832
Colwell Partners,Minneapolis,MN,55405,44.97978,-93.292295
ST LOUIS PARK WHNC INTER CTR2,St. Louis Park,MN,55426,44.96518,-93.38711
Eagle Ridge Resort at Lutsen Mountains - Tesla Destination,Lutsen,MN,55612,47.659204,-90.712249
Fairfield Inn & Suites by Marriott Eden Prairie - Tesla Destination,Eden Prairie,MN,55344,44.862473,-93.419917
Perbix (Tesla) - Tesla Destination,Brooklyn Park,MN,55445,45.127868,-93.382541
Renaissance Minneapolis Hotel - Tesla Destination,Minneapolis,MN,55401,44.980358,-93.263366
Rental Property-Inver Grove Hts - Tesla Destination,Inver Grove Hts,MN,55077,44.873846,-93.073817
SW Transit - Tesla Destination,Eden Prairie,MN,55344,44.860004,-93.443051
Timberlake Lodge Hotel & 17th Street Grill - Tesla Destination,Grand Rapids,MN,55744,47.213323,-93.52725
Children's Museum of Southern Minnesota,Mankato,MN,56001,44.16196,-94.013086
MYSTIC LAKE CNT NORTH LOT 3,Prior Lake,MN,55372,44.733741,-93.475562
Coborns - Mora Municipal Utilities,Mora,MN,55051,45.86844,-93.29087
City Of Detroit Lakes,Detroit Lakes,MN,56501,46.81722,-95.84321
City Of Bemidji,Bemidji,MN,56601,47.47172,-94.88329
City Of Grand Rapids,Grand Rapids,MN,55744,47.23544,-93.52754
"George F Crosby Park - Crosby, MN",Crosby,MN,56441,46.481604,-93.948865
Hub 71 Food and Gas,Sebeka,MN,56477,46.629498,-95.096097
HY VEE EAGAN NORTH,Eagan,MN,55121,44.83481,-93.170574
HOLIDAY INN! HOLIDAY INN 02,Duluth,MN,55802,46.78517,-92.102083
MILL ST RAMP MILL ST RAMP 1,Wayzata,MN,55391,44.969752,-93.510644
THOMSON REUTERS THOMSON REUTERS,Eagan,MN,55123,44.82507,-93.112752
MINNEAPOLIS HAAF RAMP L2-1,Minneapolis,MN,55415,44.977309,-93.263051
3M 280 STATION #6,Maplewood,MN,55119,44.957062,-93.003069
3M 220 GUEST PARK,Maplewood,MN,55119,44.95075,-92.997275
MINNESOTA STATE LOT 11A - 1,Mankato,MN,56001,44.146623,-94.001755
CARLETON JAMES HALL WEST,Northfield,MN,55057,44.460293,-93.15224
ROSEDALE CENTER STATION 1,Roseville,MN,55113,45.013279,-93.17085
3M 280 STATION #1,Maplewood,MN,55144,44.95693,-93.003255
3M 280 STATION #3,Maplewood,MN,55144,44.956954,-93.00314
3M 280 STATION #5,Maplewood,MN,55144,44.957109,-93.002863
3M 236 STATION #5,Maplewood,MN,55119,44.954296,-92.987975
3M 236 STATION #2,Maplewood,MN,55119,44.954269,-92.987718
3M 236 STATION#1,Maplewood,MN,55119,44.954259,-92.98762
3M 236 STATION #4,Maplewood,MN,55119,44.954302,-92.987871
HY VEE SHAKOPEE SOUTH,Shakopee,MN,55379,44.778637,-93.538775
LANESBORO BASS POND 02,Lanesboro,MN,55949,43.720517,-91.979015
HY VEE RBNSDALE NORTH,Robbinsdale,MN,55422,45.019188,-93.327033
VIRGINIA PU VETS MEMORIAL,Virginia,MN,55792,47.524846,-92.535716
CITY OF ST PAUL RIVER CENTRE 3,Saint Paul,MN,55102,44.943175,-93.100266
CITY OF ST PAUL RIVER CENTRE 2,Saint Paul,MN,55102,44.943348,-93.1004
CITY OF ST PAUL RIVER CENTRE 1,Saint Paul,MN,55102,44.943343,-93.100341
3M 229 NORTHLOT #4,Maplewood,MN,55119,44.952747,-92.997113
MOOSE LAKE LEVEL 2,Moose Lake,MN,55767,46.45235,-92.76395
HY VEE MAPLE GROVE B,Maple Grove,MN,55311,45.08314,-93.517962
MINNEAPOLIS RAMP A L3-1,Minneapolis,MN,55402,44.978259,-93.277903
MINNEAPOLIS RAMP A L5-1,Minneapolis,MN,55402,44.978256,-93.277842
MINNEAPOLIS RAMP A L5-2,Minneapolis,MN,55402,44.978291,-93.277851
MINNEAPOLIS RAMP A L6-2,Minneapolis,MN,55402,44.978306,-93.277803
MINNEAPOLIS RAMP A L7-2,Minneapolis,MN,55402,44.978309,-93.277744
MINNEAPOLIS RAMP A L6-1,Minneapolis,MN,55402,44.978253,-93.277785
MINNEAPOLIS RAMP A L7-1,Minneapolis,MN,55402,44.97826,-93.277748
HY VEE RCHSTER 4 SOUTH,Rochester,MN,55901,44.065735,-92.525407
HY VEE NEW HOPE EAST,Minneapolis,MN,55428,45.034351,-93.383521
MINNEAPOLIS RAMP C L3-3,Minneapolis,MN,55401,44.982793,-93.273893
MINNEAPOLIS RAMP C L3-2,Minneapolis,MN,55401,44.982744,-93.273825
MINNEAPOLIS RAMP C L3-1,Minneapolis,MN,55401,44.982696,-93.273747
MINNEAPOLIS LEAMNGTN L2-2,Minneapolis,MN,55403,44.972088,-93.271907
MINNEAPOLIS LEAMNGTN L2-3,Minneapolis,MN,55403,44.97204,-93.272026
MINNEAPOLIS RAMP A L4-2,Minneapolis,MN,55402,44.978291,-93.277875
MINNEAPOLIS RAMP B L3-2,Minneapolis,MN,55403,44.980818,-93.276038
MINNEAPOLIS RAMP B L3-1,Minneapolis,MN,55403,44.980762,-93.275995
MINNEAPOLIS RAMP B L3-3,Minneapolis,MN,55403,44.980856,-93.276084
CITY OF ST PAUL COMO PV2,Saint Paul,MN,55117,44.981598,-93.143754
MN2111 LEVEL 3- B,Minneapolis,MN,55415,44.975204,-93.265627
SHOREVIEW SHOREVIEW #1,Shoreview,MN,55126,45.080668,-93.132497
TARGET T0260 STATION 2,St. Louis Park,MN,55416,44.936417,-93.347941
TARGET T0821 STATION 2,Alexandria,MN,56308,45.849624,-95.389833
TARGET T1095 STATION 1,Minneapolis,MN,55413,45.004281,-93.228471
TARGET T0100 STATION 2,Minnetonka,MN,55305,44.970514,-93.446983
HENNEPIN COUNTY TARGETFIELDSTN2,Minneapolis,MN,55401,44.983222,-93.278159
UNIV ST THOMAS TOMMIE 3,Saint Paul,MN,55104,44.945788,-93.187583
UNIV ST THOMAS TOMMIE 2,Saint Paul,MN,55104,44.943749,-93.188278
ST LOUIS PARK WHNC INTER CTR,St. Louis Park,MN,55426,44.965168,-93.387085
MYSTIC LAKE CNT NORTH LOT 4,Prior Lake,MN,55372,44.733734,-93.475598
MYSTIC L CASINO MAIN LOT 2,Prior Lake,MN,55372,44.72905,-93.472633
MYSTIC L CASINO MAIN LOT 1,Prior Lake,MN,55372,44.729037,-93.472656
TARGET T0549 STATION 6,Minneapolis,MN,55403,44.973933,-93.275225
CLEARY LAKE VISITOR CENTER,Prior Lake,MN,55372,44.689018,-93.387792
ACCREDITED NORTH,Edina,MN,55439,44.870761,-93.355249
ERMU STATIONS STATION 1,Elk River,MN,55330,45.30338,-93.568215
LUNDS FOODS WHITE BEAR 1,White Bear Lake,MN,55127,45.081105,-93.05498
LUNDS FOODS WHITE BEAR 2,White Bear Lake,MN,55127,45.081136,-93.054926
CNX L2-2,Ramsey,MN,55303,45.236423,-93.447238
CNX L2-3,Ramsey,MN,55303,45.236367,-93.447187
Madden's on Gull Lake,Brainerd,MN,56401,46.396243,-94.375186
EPA Duluth,Duluth,MN,55804,46.838786,-92.003076
FMC Rochester,Rochester,MN,55904,44.024194,-92.436226
FCI Sandstone,Sandstone,MN,55072,46.109742,-92.853494
FCI Waseca,Waseca,MN,56093,44.067124,-93.517257
FPC Duluth,Duluth,MN,55811,46.835676,-92.194171
People’s Energy Co-op,Oronoco,MN,55960,44.145484,-92.535787
WATERWALK GOLD BUILDING 1,Plymouth,MN,55442,45.060635,-93.406645
WATERWALK SILVER GARAGE,Plymouth,MN,55442,45.060908,-93.406624
White Oak Casino,Deer River,MN,56636,47.34008,-93.81242
Cedar Lakes Casino,Cass Lake,MN,56633,47.38362,-94.61624
HYATT HOUSE STATION 2,Rochester,MN,55901,44.02655,-92.46468
KELLOGG SQUARE KS-111-35BB,Saint Paul,MN,55101,44.946118,-93.090118
KELLOGG SQUARE KS-111-35AE,Saint Paul,MN,55101,44.946222,-93.090012
HYATT HOUSE STATION 1,Rochester,MN,55901,44.02676,-92.46509
PUBLIC STATIONS BOOM ISLAND 1,Minneapolis,MN,55413,44.992554,-93.270064
ELAN WEST END STATION 1,St. Louis Park,MN,55416,44.96897,-93.344864
ELAN WEST END STATION 2,St. Louis Park,MN,55416,44.968967,-93.3449
Maple Grove Transit Station,Maple Grove,MN,55369,45.0924,-93.4375
HY VEE OAKDALE WEST,Oakdale,MN,55128,44.964438,-92.96147
CASWELL EV CASWELL NORTH,North Mankato,MN,56003,44.1896,-94.0418
KLINE VOLVO CAR KVOLVO SALES,Maplewood,MN,55109,45.033756,-93.04355
Trail's Travel Center,Albert Lea,MN,56007,43.65789,-93.31843
HY VEE MAPLEWOOD,MAPLEWOOD,MN,55109,45.016453,-93.020935
HY VEE SLP WEST,Spring Lake Park,MN,55432,45.116375,-93.23971
HY VEE SLP EAST,Spring Lake Park,MN,55432,45.116093,-93.238945
ZORBAZ ZORBAZ 1,Park Rapids,MN,56470,46.97831,-94.949615
BLAZE ROSEVILLE EV1,Roseville,MN,55113,45.015299,-93.177215
MY CREDIT UNION LYNDALE AVE,Bloomington,MN,55420,44.830651,-93.289183
EKOMARKT NORTH,Baxter,MN,56425,46.378387,-94.25121
EKOMARKT SOUTH,Baxter,MN,56425,46.378315,-94.25114
CASWELL EV CASWELLSOFTBALL,North Mankato,MN,56003,44.182217,-94.04377
DAKOTA COUNTY LEBANON HILLS,Eagan,MN,55123,44.786481,-93.127976
MCPA EAST UNIT 3,Saint Paul,MN,55155,44.956949,-93.084392
METROPOINT METROPOINT 2,Minneapolis,MN,55426,44.974733,-93.402986
METROPOINT METROPOINT 1,Minneapolis,MN,55426,44.974691,-93.403
SMM SMM 1,Saint Paul,MN,55102,44.942471,-93.098782
CITY OF LUVERNE TRAILHEAD,Luverne,MN,56156,43.654344,-96.202756
Market Place Foods - Tesla Supercharger,Bemidji,MN,56601,47.492211,-94.90707
EPCC-1 COMM CENTER,Eden Prairie,MN,55346,44.870412,-93.489376
EPCC-1 STARING PARK,Eden Prairie,MN,55347,44.83441,-93.46326
EPCC-1 RILEY PAVILION,Eden Prairie,MN,55347,44.836876,-93.511
CITY OF EDINA SOUTHDALE LIQ,Edina,MN,55435,44.880737,-93.3209
Black Bear Casino Resort - Tesla Supercharger,Carlton,MN,55718,46.664876,-92.477685
MCPA EAST UNIT 4,Saint Paul,MN,55155,44.956941,-93.084575
Metropolitan Ford - Level 2,Eden Prairie,MN,55344,44.86693024987832,-93.43399088806623
The Durham Apartments station location,Edina,MN,55435,44.872261,-93.3196911
8300 Tower,Bloomington,MN,55437,44.8526766,-93.3529821
North Loop,Minneapolis,MN,55401,44.990467230279,-93.280177705765
LPM Stations,Minneapolis,MN,55403,44.969081,-93.2807082
GOLDEN VALLEY BROOKVIEW,Minneapolis,MN,55426,44.97466,-93.38516
Malone's Bar & Grill,Maple Grove,MN,55369,45.09417,-93.441264
NPS MWRO: PIPE - Maintenance Facility,Pipestone,MN,56164,44.015106,-96.317508
NPS MWRO: PIPE - Visitor Center,Pipestone,MN,56164,44.013314,-96.325224
Goodwill,Alexandria,MN,56308,45.889789,-95.375178
Goodwill,Vadnais Heights,MN,55127,45.0777846793849,-93.0553904424209
Goodwill,Oak Park Heights,MN,55082,45.0348945428007,-92.8391832892217
Goodwill,St. Paul,MN,55104,44.9559330557038,-93.1527729059029
FRIDLEY CC STATION 1,Fridley,MN,55432,45.096098,-93.261605
Medical District Parking Ramp,Duluth,MN,55805,46.7908929404299,-92.0948785848503
HY VEE OAKDALE EAST,Oakdale,MN,55128,44.964297,-92.960145
Banning State Park - Picnic Area,Sandstone,MN,55072,46.1648613418289,-92.8343622109556
ELAN WEST END STATION 3,St. Louis Park,MN,55416,44.96955,-93.34477
SEARS IMPORTS CUST PARKING SE,Minnetonka,MN,55305,44.971966,-93.449924
TARGET T2229 STATION 1,Saint Paul,MN,55104,44.954351,-93.154917
WEST LOT WEST PARKINGLOT,Wadena,MN,56482,46.440134,-95.128793
Hy-Vee - Tesla Supercharger,Saint Peter,MN,56082,44.336411,-93.950011
Target - Tesla Supercharger,St. Paul,MN,55104,44.954444,-93.154917
TARGET T2229 STATION 2,Saint Paul,MN,55104,44.95435,-93.15492
Superior Ford-Plymouth,Plymouth,MN,55442,45.056329,-93.402831
CITY OF EDINA GRANDVIEW LIQ,Edina,MN,55436,44.911606,-93.35379
ESTELLE STATION 1,Edina,MN,55435,44.876938,-93.32971
WCROC,Morris,MN,56267,45.594977,-95.878942
Grand Casino Hinckley,Hinckley,MN,55037,46.009372,-92.895285
MINNEAPOLIS HAAF RAMP L2-3,Minneapolis,MN,55415,44.977234,-93.26295
UNIV ST THOMAS TOMMIE 5,Saint Paul,MN,55105,44.942629,-93.188209
Whitewater Travel Plaza,Saint Charles,MN,55972,43.94913,-92.066
City of Litchfield Central Park,Litchfield,MN,55355,45.12985,-94.52786
City of Litchfield City Hall,Litchfield,MN,55355,45.12685,-94.52625
MCPA EAST UNIT 2,Saint Paul,MN,55155,44.956975,-93.084459
Crescent Ridge Corporate Center,Minnetonka,MN,55305,44.9739363,-93.4178621
Albertville Outlet Mall,Albertville,MN,55301,45.24448,-93.66115
Arlington Hills Community Center,St. Paul,MN,55130,44.9764729428353,-93.0726399943921
Margaret St Parking,St. Paul,MN,55101,44.9612053688256,-93.0682995236754
Yorke & Payne Parking,St. Paul,MN,55130,44.9685060294845,-93.0738823103744
Rockwood Lodge & Outfitters,Grand Marais,MN,55604,48.0541285859021,-90.5202616716008
APPLEWOOD POINT STATION 1,Eden Prairie,MN,55344,44.85689,-93.48315
Crest Ridge Corporate Center,Minnetonka,MN,55305,44.9685571,-93.4186202
KLINE VOLVO CAR KVOLVO SERVICE,Maplewood,MN,55109,45.03363,-93.04412
BELW GIANT LEVEL 2,Blue Earth,MN,56013,43.651253,-94.095751
Fairfield Inn & Suites by Marriott Northfield,Northfield,MN,55057,44.459113589088,-93.1606258435329
Parkway Place Luxury Apartments,saint louis park,MN,55416,44.9468847,-93.3313146
UNION DEPOT PARKING LOT A2,Saint Paul,MN,55101,44.947816,-93.085821
UNION DEPOT PARKING LOT A1,Saint Paul,MN,55101,44.94784,-93.085812
UNION DEPOT PARKING LOT B2,Saint Paul,MN,55101,44.94736,-93.085124
UNION DEPOT PARKING LOT B1,Saint Paul,MN,55101,44.947353,-93.085069
Nordic Parking Ramp,Minneapolis,MN,55401,44.9877867,-93.2784544
VOLKSWAGEN IGH E250 FAST CHGR,Inver Grove Heights,MN,55077,44.880105,-93.079328
HYUNDAI MANKATO DC FAST 1,Mankato,MN,56001,44.177566,-93.966338
HYUNDAI MANKATO STATION1 CT4K,Mankato,MN,56001,44.177627,-93.96653
BLAZE WOODLANE DR 1,Woodbury,MN,55125,44.926201,-92.966585
Norman Pointe 1,Bloomington,MN,55437,44.8580225,-93.354222
8000 Tower,Bloomington,MN,55437,44.852673,-93.351345
Kimber Creek Ford,Pine River,MN,56474,46.70963,-94.389311
CITY OF EDINA CITY HALL 3,Edina,MN,55424,44.911316,-93.347815
CITY OF EDINA CITY HALL 2,Edina,MN,55424,44.911284,-93.347816
"Casey's Albert Lea (Albert Lea, MN)",Albert Lea,MN,56007,43.65452,-93.3365
Lake Place Apartments,Eden Prairie,MN,55344,44.8428565,-93.4222177
CSG EV COMM CNTR L2(7),Plymouth,MN,55447,45.022079,-93.46738
CSG EV COMM CNTR L2(6),Plymouth,MN,55447,45.022016,-93.467386
CSG EV COMM CNTR L2(9),Plymouth,MN,55447,45.022151,-93.467394
CSG EV COMM CNTR L2(1),Plymouth,MN,55447,45.02126,-93.468322
CSG EV COMM CNTR L2(2),Plymouth,MN,55447,45.021203,-93.46815
CSG EV COMM CNTR L2(3),Plymouth,MN,55447,45.021161,-93.468118
CSG EV COMM CNTR L2(4),Plymouth,MN,55447,45.021164,-93.46817
CSG EV COMM CNTR L2(5),Plymouth,MN,55447,45.021089,-93.468053
"City of St. Cloud, MN",Saint Cloud,MN,56304,45.54394,-94.14268
Grand Casino Mille Lacs North Charging Station,Onamia,MN,56359,46.1812925,-93.7589947
Grand Casino Mille Lacs West Charging Station,Onamia,MN,56359,46.179981,-93.758562
Normandale Village Lunds and Byerlys,Bloomington,MN,55437,44.824252,-93.349925
Normandale Village Haskells,Bloomington,MN,55437,44.8243,-93.348953
Normandale Village Subway,Bloomington,MN,55437,44.824259,-93.347502
Normandale Village Anytime Fitness,Bloomington,MN,55437,44.82478,-93.347497
PCB PCB LKVL EAST,Lakeville,MN,55044,44.647979,-93.284585
PCB PCB LKVL WEST,Lakeville,MN,55044,44.647994,-93.285066
LUTHER MAZDA MAZDA GUEST,Brooklyn Center,MN,55429,45.077054,-93.337971
Valley Creek Office Park,Golden Valley,MN,55427,44.9855745,-93.3867865
IGH E250 N CUST,Inver Grove Heights,MN,55077,44.87865,-93.07962
McLeod Cooperative Power Assn.,Glencoe,MN,55336,44.7718,-94.11589
CIVICEV COMMUNITY CTR2,Minnetonka,MN,55345,44.939276,-93.467675
BELW GIANT BELW PLANT,Blue Earth,MN,56013,43.638543,-94.10155
"Casey's Worthington #3 (Worthington, MN)",Worthington,MN,56187,43.64008,-95.59459
PAPIK MOTORS PAPIK MOTORS,Luverne,MN,56156,43.640677,-96.221058
CSG EV COMM CNTR L2(8),Plymouth,MN,55447,45.022249,-93.467394
CIVICEV CENTRAL FIRE 1,Minnetonka,MN,55345,44.940822,-93.464653
CIVICEV CENTRALFIRE1 L2,Minnetonka,MN,55345,44.940809,-93.464546
Cobblestone Court Shopping Center,Burnsville,MN,55337,44.747292,-93.278594
Superior Shores Resort,Two Harbors,MN,55616,47.035383393125,-91.644794914819
Superior Shores Resort Burlington Bay Condos,Two Harbors,MN,55616,47.0298943,-91.6503332
ST OLAF COLLEGE TOWNHOMES,Northfield,MN,55057,44.460934,-93.17841
ST OLAF COLLEGE BUNTROCK,Northfield,MN,55057,44.463182,-93.183626
CENTRALGV EDINA WEST,Edina,MN,55435,44.875181,-93.329626
CENTRALGV EDINA EAST,Edina,MN,55435,44.875182,-93.329557
CITY OF EDINA PUBLIC WORKS 1,Edina,MN,55439,44.86788,-93.3543
RAMP CHARGER STATION 1,Rochester,MN,55904,44.022105,-92.462037
RAMP CHARGER RAMP 6,Rochester,MN,55904,44.02256,-92.462018
CENTRALGV CENTRAL S,Golden Valley,MN,55422,44.98583,-93.33808
CENTRALGV CENTRAL N,Golden Valley,MN,55422,44.985759,-93.338086
TARGET T0005 STATION 2,Bloomington,MN,55431,44.859499,-93.311363
TARGET T0005 STATION 1,Bloomington,MN,55431,44.859531,-93.311361
KW MAPLE GROVE KW697,Maple Grove,MN,55369,45.085125,-93.412993
BUERKLE HYUNDAI BUERKLE HYUNDAI,Saint Paul,MN,55110,45.04157,-93.038227
CASE BUILDING CASE BUILDING 2,Saint Paul,MN,55114,44.961689,-93.203364
Jensen Buick GMC,New Ulm,MN,56073,44.28542142064243,-94.43532177460192
Mystic Lake Casino Hotel Parking Garage,Prior Lake,MN,55372,44.7301581414253,-93.4705851772156
Mystic Center North Lot,Prior Lake,MN,55372,44.73374101,-93.47556219
EMC Headquarters - Plymouth,Plymouth,MN,55447,45.01285,-93.481457
EPCO Factory,Hopkins,MN,55343,44.905609,-93.404976
Snell Indoor Auto Center,Mankato,MN,56001,44.168181,-93.947518
Pioneer Emobility,Champlin,MN,55316,45.154298,-93.39285
Harry Brown's Family Automotive,Faribault,MN,55021,44.293745,-93.294741
Target - Tesla Supercharger,Bloomington,MN,55431,44.861057,-93.312177
TARGET T2193 STATION 2,Maple Grove,MN,55369,45.134921,-93.474837
TARGET T2193 STATION 1,Maple Grove,MN,55369,45.134923,-93.474944
Cub Foods - Tesla Supercharger,Monticello,MN,55362,45.300804,-93.799559
Holiday Stationstores - Tesla Supercharger,North Branch,MN,55056,45.510927,-92.990614
Target - Tesla Supercharger,Maple Grove,MN,55369,45.134938,-93.474586
CIVICEV MNTKA DRIVE,Minnetonka,MN,55345,44.937905,-93.465284
Best Western Fairmont,Fairmont,MN,56031,43.6767314,-94.4458867
NELSON ELECTRIC STATION 1,Brooklyn Park,MN,55445,45.09604,-93.38705
ST PAUL SUBARU WEST SHOP,South Saint Paul,MN,55075,44.877391,-93.033185
ST PAUL SUBARU EAST SHOP,South Saint Paul,MN,55075,44.877826,-93.032448
ANOKA RAMSEY CC ARCC LEFT,Coon Rapids,MN,55433,45.17282,-93.35039
8200 Tower,Minneapolis,MN,55437,44.8545057,-93.355344
8400 Tower,Bloomington,MN,55438,44.8483787,-93.3625606
CIVICEV WILLIE DC,Minnetonka,MN,55345,44.937864,-93.465287
BELW GIANT BELW AG CEN,Blue Earth,MN,56013,43.634003,-94.090484
ANOKA RAMSEY CC ARCC 1,Coon Rapids,MN,55433,45.17287,-93.35038
Savage City Hall,Savage,MN,55378,44.76546,-93.35486
TARGET T9104 STATION 2,Minneapolis,MN,55413,44.993071,-93.212475
TARGET T9104 STATION 1,Minneapolis,MN,55413,44.992975,-93.212471
Center Street Parking Ramp,Rochester,MN,55902,44.0234507308398,-92.4635218732767
3rd St Parking Ramp,Rochester,MN,55902,44.0203189769431,-92.464892311898
SMM SMM UNIT 2 & 3,Saint Paul,MN,55102,44.942574,-93.098806
Audi Minneapolis,Golden Valley,MN,55426,44.972333,-93.397754
Bloomington Subaru,Minneapolis,MN,55420,44.859651,-93.2677473
KANDIYOHI POWER W STATION 1 & 2,Spicer,MN,56288,45.208134,-94.980255
Seagren's Home Hardware Outdoors - Tesla Supercharger,Two Harbors,MN,55616,47.028324,-91.680656
Target Roseville,Roseville,MN,55113,45.006605,-93.163554
KANDIYOHI POWER W STATION 3 & 4,Spicer,MN,56288,45.208183,-94.980286
HY VEE BROOKLYN PARK 2,Brooklyn Park,MN,55445,45.1258,-93.358817
JIM LUPIENT BUICK GMC,Golden Valley,MN,55426,44.972352,-93.372492
Omni Viking Lakes Hotel - Tesla Destination,Eagan,MN,55121,44.860817,-93.112691
Mystic Lake Hotel and Casino - Tesla Destination,Prior Lake,MN,55372,44.72917,-93.47251
Village Homes of Grandview Square 1 Association,Edina,MN,55436,44.907546,-93.355143
J. Becher Parking Lot,Rogers,MN,55374,45.192113952,-93.541514658
CIVICEV COMMUNITY CTR1,Minnetonka,MN,55345,44.93915,-93.467618
IKEA USA BLOOMINGTON 1,Bloomington,MN,55425,44.858202,-93.244683
Apple Ford Pro Elite,Lakeville,MN,55044,44.642039,-93.212091
Cobblestone Court Shopping Center DCFC,Burnsville,MN,55337,44.746988,-93.278724
GRAND RAPIDS CHEVROLET GMC INC,GRAND RAPIDS,MN,55744,47.214314,-93.527952
8500 Tower,Bloomington,MN,55437,44.8535173,-93.3566825
Apadana,New Hope,MN,55427,45.0192664,-93.374233
CASE BUILDING CASE BUILDING 1,Saint Paul,MN,55114,44.96164,-93.203369
VLIC Parking Ramp,Eagan,MN,55121,44.85849,-93.11788
Whitaker Buick GMC,Forest Lake,MN,55025,45.277774,-93.005673
240 Park Avenue,Minneapolis,MN,55415,44.97774,-93.25965
Fresh Market Grocery,Lake City,MN,55041,44.44734,-92.2642
MiEnergy Cooperative MN Public Charger,Rushford,MN,55971,43.80495,-91.79508
Preston Trailhead Parking Lot,Preston,MN,55965,43.67174,-92.0774
City of  Preston,Preston,MN,55965,43.67632,-92.07881
Spring Valley Parking Lot,Spring Valley,MN,55975,43.69116,-92.39148
Downtown Austin,Austin,MN,55912,43.66856,-92.97354
1st St NW,Austin,MN,55912,43.66933,-92.97624
Blooming Prairie City Hall,Blooming Prairie,MN,55917,43.86582,-93.04924
Courtyard by Marriott,Owatonna,MN,55060,44.08662,-93.22565
Owatonna Theatre,Owatonna,MN,55060,44.08205,-93.24588
DAHLAUTO- TOYSALES-CT4000,Winona,MN,55987,44.043525,-91.666704
Downtown Plaza,Fairmont,MN,56031,43.65323,-94.46192
Redwood Community Center,Redwood Falls,MN,56283,44.53768,-95.09121
Marshall Muni Liquor Tall Grass Liquor,Marshall,MN,56258,44.43013,-95.76809
New Prague City Hall,New Prague,MN,56071,44.54463,-93.57807
Coborn’s New Prague,New Prague,MN,56071,44.54188,-93.55561
Dakota Electric Association,Farmington,MN,55024,44.62949,-93.15303
Valley Natural Foods,Burnsville,MN,55337,44.75451,-93.24917
City Of North Branch,North Branch,MN,55056,45.51123,-92.98038
Coborn's Pharmacy,Princeton,MN,55371,45.55609,-93.58108
Neighbors on the  Rum,Princeton,MN,55371,45.57609,-93.58038
Klocka - Mora Municipal Utilities,Mora,MN,55051,45.87668,-93.29727
Runestone Electric,Alexandria,MN,56308,45.82818,-95.39046
City of Floodwood,Floodwood,MN,55736,46.92631,-92.91505
Korner Store,Duluth,MN,55808,46.67147,-92.22686
City of Duluth Depot Lot Charger #1,Duluth,MN,55802,46.78024,-92.10556
Grand Marais Public Utilities  Municipal Campground Park Office Parking Lot West Side,Grand Marais,MN,55604,47.74773,-90.3439
HY VEE RCHSTER 4 NORTH,Rochester,MN,55901,44.065711,-92.525428
LEGACYCONDOS LEGACYP-1,Minneapolis,MN,55415,44.97583,-93.249673
LEGACYCONDOS LEGACYGUESTPRK,Minneapolis,MN,55415,44.975805,-93.249655
St. Cloud Honda,Waite Park,MN,56387,45.54694,-94.236642
22021 SHOP STATION 1,Waite Park,MN,56387,45.548983,-94.222788
The Carlyle,Minneapolis,MN,55401,44.981806,-93.263098
IDS624 SCHOOLS NS-ELEM 1,Hugo,MN,55038,45.17276,-92.990767
House Chevrolet Buick Cadillac,OWATONNA,MN,55060,44.128248,-93.249484
UMN LOT 86-EVCHG-1,Minneapolis,MN,55454,44.97412,-93.244174
LAWSON RAMP 1 LAWSON RAMP 1,St.Paul,MN,55102,44.94614,-93.09515
LAWSON RAMP 1 LAWSON RAMP 2,St.Paul,MN,55102,44.945946,-93.09495
Inver Grove Ford Lincoln,Inver Grove Heights,MN,55077,44.880515,-93.080637
Minnesota Department of Natural Resources - Tettegouche State Park,Silver Bay,MN,55614,47.34,-91.19584
Minnesota Department of Natural Resources - Big Bog State Recreation Area,Waskish,MN,56685,48.17379,-94.5126
Minnesota Department of Natural Resources - Gooseberry State Park,Two Harbors,MN,55616,47.13959,-91.47335
Minnesota Department of Natural Resources - Bear Head Lake State Park,Ely,MN,55731,47.79599,-92.07757
Roseau County Ford,Roseau,MN,56751,48.8419399009864,-95.7678240365484
C & M Ford,Hallock,MN,56728,48.7827454639591,-96.9508589647073
Enel X - River Cinema 15,East Grand Forks,MN,56721,47.9297391214543,-97.0269288668416
University of Minnesota - Crookston Bookstore,Crookston,MN,56716,47.8029174100176,-96.6070002387944
Crookston Public Parking,Crookston,MN,56716,47.7748310892381,-96.607244529273
PRAIRIE LOFTS STATION 1,Luverne,MN,56156,43.646199,-96.211306
PRAIRIE LOFTS STATION 2,Luverne,MN,56156,43.646202,-96.211298
HENNEPIN COUNTY RIDGEDALE RAMP2,Minnetonka,MN,55305,44.964503,-93.441264
LAWSON RAMP 1 LAWSON RAMP 4,Saint Paul,MN,55102,44.946014,-93.09502
LAWSON RAMP 1 LAWSON RAMP 3,Saint Paul,MN,55102,44.946007,-93.09493
Luther Brookdale Mitsubishi,Minneapolis,MN,55429,45.076929,-93.33852
Southtown Office Park,Bloomington,MN,55431,44.8560639,-93.3106049
HENNEPIN COUNTY RIDGEDALE RAMP1,Minnetonka,MN,55305,44.964455,-93.441261
Christian Motors,Fertile,MN,56540,47.549215141403614,-96.2789903243601
Government Center Garage,Minneapolis,MN,55415,44.97612662159354,-93.26451028698324
517 S. Marquette Ave. Garage,Minneapolis,MN,55402,44.977725335914194,-93.26949117707046
Midtown Garage,Minneapolis,MN,55401,44.98013182311863,-93.27085281731912
WINNER GAS BROOKDALE DR,Minneapolis,MN,55444,45.094941,-93.300814
RB HONDA LVL 2 OUTSIDE 1,Minneapolis,MN,55423,44.862576,-93.286321
O'Neill Electric Inc,Stillwater,MN,55082,45.0375616,-92.8072433
TALO E-VEHICLE EAST,Wayzata,MN,55416,44.971551,-93.34615
TALO E-VEHICLE WEST,Wayzata,MN,55416,44.971559,-93.346407
Gilleland Chevrolet Cadillac,St. Cloud,MN,56301,45.553593,-94.195234
Gasparre New Boston Square LLC,Minneapolis,MN,55418,45.009384008719486,-93.24677588658692
CNX CNX L3-1,Ramsey,MN,55303,45.236274,-93.447074
"Simon-Twin Cities Premium Outlets (Eagan, MN)",Eagan,MN,55122,44.81487,-93.2174
"Target T2313 (Edina, MN)",Edina,MN,55435,44.87482,-93.32186
"Menards Duluth 3074 (Duluth, MN)",Duluth,MN,55807,46.74067,-92.15902
"Nordic Star LLC-Evergreen Square (Pine City, MN)",Pine City,MN,55063,45.81871,-92.97976
Shakopee Lewis Street 2nd Avenue East,Shakopee,MN,55379,44.79836,-93.52494
KEY WESTGATE WESTGATE EAST2,Saint Paul,MN,55114,44.970207,-93.20562
KEY WESTGATE WESTGATE EAST1,Saint Paul,MN,55114,44.97016,-93.205605
KEY WESTGATE WESTGATE WEST1,Saint Paul,MN,55114,44.97016,-93.20607
Cub Foods - Tesla Supercharger,Eagan,MN,55122,44.795177,-93.205545
410 SOUTH MAIN,STEWARTVILLE,MN,55976,43.851571,-92.487817
Hy-Vee Grocery Store - Tesla Supercharger,Marshall,MN,56258,44.438612,-95.777636
COLLINS AERO ORIGINAL ST1,Burnsville,MN,55306,44.743385,-93.31189
MarTen Garage,Minneapolis,MN,55402,44.973792669482265,-93.2729014288634
Cub Foods - Tesla Supercharger,Blaine,MN,55434,45.125867,-93.258022
HUTCH UTILITIES DC FAST 2,Hutchinson,MN,55350,44.879421,-94.382604
CHEV WAYZATA STATION 1,Wayzata,MN,55391,44.971844,-93.484831
WUERFLEIN CHEVROLET BUICK GMC,ALBERT LEA,MN,56007,43.682579,-93.360698
DirtRoad EV - Zachary Playfield,Plymouth,MN,55442,45.035132,-93.42185
CITY OF EDINA BRAEMAR ARENA 1,Edina,MN,55439,44.868282,-93.39608
Cub Foods - Tesla Supercharger,Willmar,MN,56201,45.100967,-95.041954
Dahl Motors LLC,PIPESTONE,MN,56164,43.993291,-96.305911
Wright-Hennepin Headquarters,Rockford,MN,55373,45.09595,-93.74507
Driskill's - Hopkins,Hopkins,MN,55343,44.92496,-93.41379
Wooden Hill Brewing,Edina,MN,55439,44.86736,-93.35931
Kwik  Trip,Stewartville,MN,55976,43.87733,-92.48991
Sunshine Foods,Spring Valley,MN,55975,43.69917,-92.39725
SCC-NM SCC ONE,North Mankato,MN,56003,44.174315,-94.047511
SCC-NM SCC TWO,North Mankato,MN,56003,44.174315,-94.047527
CROW WING POWER CROW WING POWER,Brainerd,MN,56401,46.403138,-94.28037
Apple Chevrolet Northfield,Northfield,MN,55057,44.438721,-93.184321
1800 Lake,Minneapolis,MN,55408,44.948632,-93.304547
Costco St Louis Park #377,St Louis Park,MN,55416,44.9669096,-93.3543032
Egan Company Corporate Office,Champlin,MN,55316,45.1643828,-93.3897903
Niron Magnetics,Minneapolis,MN,55413,44.99639,-93.22472
Churchill Apartments,Minneapolis,MN,55401,44.98276719050609,-93.26512006036955
St. Paul South Ramp,Saint Paul,MN,55102,44.9457126,-93.0981166
Centre Pointe,Mendota Heights,MN,55120,44.8824484,-93.1529476
Eagandale Corporate Center station location,Eagan,MN,55121,44.8592221,-93.1640827
1 Southdale Place station location,Edina,MN,55435,44.8791936,-93.3222088
John Wiese Ford,Sauk Centre,MN,56378,45.726057,-94.947051
Harry Brown's Family Automotive,Faribault,MN,55021,44.29400981826763,-93.29500929635604
Gatsby,Minneapolis,MN,55404,44.9687032,-93.2655124
Market Ridge,Minneapolis,MN,55405,44.98018316320173,-93.28864621770784
Northland Center,Bloomington,MN,55431,44.8577808,-93.3256708
"CircleK - Pine City, MN",Pine City,MN,55063,45.82192,-92.9813
La Cresent Area Event Center,La Crescent,MN,55947,43.83485653212366,-91.30136230133056
Buerkle Acura,Brooklyn Park,MN,55445,45.093888847137535,-93.37575331790968
Fieldhouse Dinkytown,Minneapolis,MN,55414,44.98430692660888,-93.23143809088528
New Brighton Ford,New Brighton,MN,55112,45.06596756914495,-93.22006724489792
Inver Grove Ford,Inver Grove Heights,MN,55077,44.880256769892696,-93.08235413510911
THE LORIENT STATION 1,Edina,MN,55410,44.921257,-93.329346
Red Wing Chevrolet Buick,Red Wing,MN,55066,44.565115,-92.568179
Perkins Restaurant & Bakery - Tesla Supercharger,Fergus Falls,MN,56537,46.290018,-96.118305
Viking Lakes Bldg D,Eagan,MN,55121,44.85778,-93.119
Trimble,Minnetonka,MN,55343,44.92223397295759,-93.44892576330246
Surfside on Lake Superior - Tesla Supercharger,Tofte,MN,55615,47.564462,-90.856492
"CircleK - Alexandria, MN",Alexandria,MN,56308,45.84171,-95.38932
Dondelinger Chevrolet-Buick,BEMIDJI,MN,56601,47.495258,-94.913773
Becketwood Cooperative,Minneapolis,MN,55406,44.924708,-93.206663
GM - Dahl Chevrolet Buick GMC,Winona,MN,55987,44.043932,-91.669806
ACCREDITED NORTHWEST,Edina,MN,55439,44.870995,-93.356374
ACCREDITED SOUTHWEST,Edina,MN,55439,44.870939,-93.356368
ACCREDITED NORTHEAST,Edina,MN,55439,44.871076,-93.35605
"Fareway Store #089 (Stewartville, MN)",Stewartville,MN,55976,43.87155,-92.48553
RLSC RLSC,Red Lake,MN,56671,47.876851,-95.013606
Miller Buick GMC St Cloud,St Cloud,MN,56301,45.547185,-94.193374
EMC LLC GATEWAY 2,Plymouth,MN,55447,45.014117,-93.481472
Casey's - Tesla Supercharger,Onamia,MN,56359,46.066625,-93.663163
Culver's - Tesla Supercharger,Owatonna,MN,55060,44.095802,-93.249586
Holiday Stationstores - Tesla Supercharger,Little Falls,MN,56345,45.9752673,-94.335443
Edison at Rice Creek Phase 4,Shoreview,MN,55126,45.1189573,-93.1868802
Edison at Woodbury,Woodbury,MN,55129,44.9422878,-92.8840296
Faribault Crossroads Development,Faribault,MN,55021,44.311024,-93.290115
MB OF ST. PAUL STATION 1,Maplewood,MN,55109,45.024576,-93.047077
DAKOTA COUNTY KAPOSIA,South Saint Paul,MN,55075,44.891379,-93.042418
DAKOTA COUNTY KAPOSIA 2,South Saint Paul,MN,55075,44.89137,-93.042348
Steele-Waseca Cooperative Electric,Owatonna,MN,55060,44.0835792502624,-93.2577641378944
CITY OF EDINA CITY HALL 4,Minneapolis,MN,55424,44.91139,-93.347792
CITY OF CARVER STATION 1,Carver,MN,55315,44.770054,-93.648367
KDC Management Strip Mall,Lino Lakes,MN,55014,45.18249705164779,-93.10827136181436
Macalester College Tennis Courts,St Paul,MN,55105,44.9362406282997,-93.169542227253
Rochester Chevrolet Cadillac,Rochester,MN,55902,44.006211,-92.476199
City of Grand Rapids - Library,Grand Rapids,MN,55744,47.233236,-93.52492
City of Grand Rapids - Chamber of Commerce,Grand Rapids,MN,55744,47.235231,-93.529476
City of Grand Rapids - Central School,Grand Rapids,MN,55744,47.236819,-93.529034
City of Grand Rapids - Civic Center,Grand Rapids,MN,55741,47.247801,-93.535978
Rochester Ford,Rochester,MN,55901,44.07472794278536,-92.5041080454375
LUTHER BMW PPM NORTH LOT,Rochester,MN,55901,44.054143,-92.493119
394 HYUNDAI CUSTOMER PARK,St. Louis Park,MN,55426,44.970716,-93.364433
1112 3rd St W,Thief River Falls,MN,56701,48.119184,-96.198506
CircleK - Jordan,Jordan,MN,55352,44.67047,-93.63847
Corporate Office North,Austin,MN,55912,43.682495,-92.967882
Corporate Office South,Austin,MN,55912,43.677443,-92.975629
R&D Innovation Center (Pilot Plant),Austin,MN,55912,43.68434,-92.969543
SPAM Museum,Austin,MN,55912,43.669463,-92.974157
R&D Lab,Austin,MN,55912,43.688658,-92.961795
Jay Malone Motors,Hutchinson,MN,55350,44.89493297633024,-94.3934258745692
HYBB BUILDING,Brooklyn Park,MN,55445,45.102077,-93.388808
HYBB ROW 2,Brooklyn Park,MN,55445,45.101976,-93.388946
Viking Lakes Bldg A,Eagan,MN,55121,44.857174,-93.122748
50 SOUTH SIXTH 50SS.L5.#1,Minneapolis,MN,55402,44.978487,-93.27205
50 SOUTH SIXTH 50SS.L5.#2,Minneapolis,MN,55402,44.978422,-93.272071
Hy-Vee Grocery Store - Tesla Supercharger,Worthington,MN,56187,43.631533,-95.595239
HENNEPIN COUNTY HC GOV CNT#1-P2,Minneapolis,MN,55487,44.975623,-93.266295
Engineered Products Company,Minnetonka,MN,55343,44.90575804712941,-93.40499914490478
Hackensack Municipal Parking Lot,Hackensack,MN,56452,46.9310634147337,-94.5223334109572
Luther Cadillac,Vadnais Heights,MN,55110,45.0472356917807,-93.03608758167762
Harrison Ford of Mankato - Level2,Mankato,MN,56001,44.165453,-93.945785
PK1 PK1,St. Louis Park,MN,55416,44.966898,-93.350841
Apple CDJR of Shakopee,Shakopee,MN,55379,44.774324,-93.509743
LEXUS WAYZATA LEXUS CHARGER,Wayzata,MN,55391,44.972098,-93.482067
ANOKA RAMSEY CC ATC 2,Anoka,MN,55303,45.21414,-93.414539
ANOKA RAMSEY CC ATC 1,Anoka,MN,55303,45.216597,-93.417043
Davis Chevrolet of Delano,Delano,MN,55328,45.034636,-93.781423
CHEV WAYZATA STATION 2,Wayzata,MN,55391,44.97198,-93.484666
LUTHER BMW BMW 01,Rochester,MN,55901,43.946815,-92.351367
LUTHER BMW BMW 02,Rochester,MN,55901,43.946777,-92.351368
MERIDIAN BLUE MERIDIAN 102,Lakeville,MN,55044,44.635236,-93.22317
MERIDIAN BLUE MERIDIAN 101,Lakeville,MN,55044,44.635261,-93.22319
CircleK - Rochester,Rochester,MN,55901,44.04307,-92.4863
CircleK - St Cloud,Saint Cloud,MN,56301,45.49793,-94.15106
Warners’ Stellian,Minneapolis,MN,55413,44.99956110822697,-93.224150975307
Wieser Park Pavilion,La Crescent,MN,55947,43.82749,-91.33003
Diamond Buick GMC of Alexandria,Alexandria,MN,56308,45.83521190755044,-95.3866599013519
Parking Garage Stall #12,Golden Valley,MN,55416,44.975233,-93.3563069
Hopkins Honda,Hopkins,MN,55343,44.92012028306952,-93.40933247055256
4th and Park Apartments,Minneapolis,MN,55415,44.97624756533509,-93.25936489435884
North Loop Green,Minneapolis,MN,55401,44.98338142276183,-93.2762118329632
DAKOTA COUNTY SMART CENTER,Inver Grove Heights,MN,55077,44.816007,-93.04624
HENNEPIN COUNTY ROCKFORD RD LIB,Crystal,MN,55427,45.031869,-93.361967
Superior Ford-Plymouth-Series,Plymouth,MN,55442,45.056329,-93.402831
ALLIED ER VET ALLIED 2,Brooklyn Park,MN,55445,45.122838,-93.38779
ALLIED ER VET ALLIED 1,Brooklyn Park,MN,55445,45.122785,-93.387983
Burger King,Glencoe,MN,55336,44.76891,-94.13267
City of Duluth L2 Lake Place Parking-Canal Park,Duluth,MN,55802,46.78661,-92.09463
WSU - Integrated Wellness Complex,Winona,MN,55987,44.04544,-91.64271
Rochester 3rd Street Ramp,Rochester,MN,55902,44.02027,-92.46492
WASC,Fairmont,MN,56031,43.66681,-94.45739
City of Harmony,Harmony,MN,55939,43.55448,-92.01085
City of Park Rapids,Park Rapids,MN,56470,46.92031,-95.06107
Avani Market,Rochester,MN,55902,44.02315,-92.48651
Ohuta Beach,Lake City,MN,55041,44.45278,-92.26855
"Princeton Public Utilities Princeton, MN",Princeton,MN,55371,45.57107,-93.57954
Service Foods,Fergus Falls,MN,56537,46.28281,-96.07916
Rochester Center Street Ramp,Rochester,MN,55902,44.02357,-92.46353
Red Wing City Hall,Red Wing,MN,55066,44.56464,-92.5321
City of Litchfield Memorial Park,Litchfield,MN,55355,45.10047,-94.54408
Woodgate Apartments,Cloquet,MN,55720,46.71274,-92.45933
WSU - Kryzsko Commons,Winona,MN,55987,44.04729,-91.64534
Grand Marais Public Utilities City Hall Parking Lot - South Side,Grand Marais,MN,55604,47.74897,-90.33363
Northern Lights Casino,Walker,MN,56484,47.05486,-94.53668
IPS HQ,Saint Paul,MN,55113,45.02173,-93.20562
North Preston,Preston,MN,55965,43.67685,-92.08809
AU Riverland charger,Austin,MN,55912,43.67614,-92.99616
City of Dodo Valley,Saint Paul,MN,55111,44.88338,-93.20734
City of Fosston,Fosston,MN,56542,47.57501,-95.74995
Nelson Auto World,Minneapolis,MN,55414,44.98791,-93.22865
Nelson Auto World,Minneapolis,MN,55414,44.98791,-93.22852
36Lyn Refuel Station,Minneapolis,MN,55408,44.93803,-93.28782
Doc's Sports Bar and Grill,Sturgeon Lake,MN,55783,46.37283,-92.78792
Noodles & Company,Moorhead,MN,56560,46.84933,-96.7667
Saint Peter Food Cooperative,Saint Peter,MN,56082,44.32263,-93.96003
City Of Owatonna,Owatonna,MN,55060,44.08311,-93.22941
City Of Saint Peter,Saint Peter,MN,56082,44.3238,-93.95644
Lyon-Lincoln Electric Cooperative,Tyler,MN,56178,44.26817,-96.14203
White Bear Lake Superstore,White Bear Lake,MN,55110,45.05896,-93.02666
City Of Saint Cloud,St. Cloud,MN,56303,45.56207,-94.15971
City Of Little Falls,Little Falls,MN,56345,45.97396,-94.36432
City Of Crosby Library,Crosby,MN,56441,46.48161,-93.94886
Fresh Thyme Farmer's Market,Rochester,MN,55901,44.02284,-92.48678
City Of Springfield,Springfield,MN,56087,44.24342,-94.96694
Northern Lights Casino - Walker,Walker,MN,56484,47.05486,-94.53668
Waseca Utilities,Waseca,MN,56093,44.09561,-93.50952
City of New Ulm,New Ulm,MN,56073,44.31495,-94.46152
Chisholm,Chisholm,MN,55719,47.4884,-92.88273
Mankato Area Foundation,Mankato,MN,56001,44.16619,-94.00152
City of Faribault,Faribault,MN,55021,44.29339,-93.2674
Schmelz Countryside Volkswagen,Maplewood,MN,55109,45.01104,-93.05099
Cannon Falls,Cannon Falls,MN,55009,44.5071,-92.90955
Motley Motel,Motley,MN,56466,46.34244,-94.64784
High Plains Cooperative,Plainview,MN,55964,44.1658,-92.16959
Cove Point Lodge,Duluth,MN,55804,47.24753,-91.31286
Gamma Vacuum,Shakopee,MN,55379,44.794086,-93.487504
Ombimdwaa Gidinawemmaaganiaadog,Red Lake,MN,56671,47.877843518975205,-95.02277628860992
Novotny MN,Baxter,MN,56425,46.37588390668431,-94.25188840590694
The Linden,Mendota Heights,MN,55118,44.88557,-93.12179
GMC Apple Valley,Apple Valley,MN,55124,44.7384,-93.21857
Electric123,Eagan,MN,55123,44.8331,-93.13428
Lofts of Stillwater,Stillwater,MN,55082,45.06012,-92.80675
WAABINOKWE IHS EAST STATION,Mahnomen,MN,56557,47.28577,-95.61739
MSP1,Brooklyn Park,MN,55428,45.0853699,-93.3932272
BUFFALO FORD #1 EAST,Buffalo,MN,55313,45.174484,-93.866055
BUFFALO FORD #2 MIDDLE,Buffalo,MN,55313,45.174472,-93.866091
BUFFALO FORD #3 WEST,Buffalo,MN,55313,45.17445,-93.866146
Hawthorne Transportation Center,Minneapolis,MN,55403,44.9776768590266,-93.27816370407734
New Brighton Ford - DCFC,New Brighton,MN,55112,45.06596756914495,-93.22006724489792
STJ LIGHT DEPT. DOWNTOWN PARK1,Saint James,MN,56081,43.982739,-94.628286
Apple Valley Ford,Apple Valley,MN,55124,44.731584,-93.2111
Apple Ford Shakopee,Shakopee,MN,55379,44.775645,-93.509585
DAKOTA COUNTY EMPIRE 3,Rosemount,MN,55068,44.71604,-93.124366
DAKOTA COUNTY EMPIRE 2,Rosemount,MN,55068,44.71603,-93.124402
CircleK - Plymouth,Plymouth,MN,55447,45.01375,-93.46062
Service Bay - Christian Brothers Ford,Crookston,MN,56716,47.7609977,-96.588768
Superior Ford-Plymouth-DCFC,Plymouth,MN,55442,45.05689442298368,-93.40350905922118
North Country Ford,Minneapolis,MN,55433,45.1594554481442,-93.28386596773068
Westbridge Center,Warren,MN,56762,48.19485,-96.77472
LEXUS WAYZATA MONUMENT CHARGE,Wayzata,MN,55391,44.972096,-93.482134
RED LAKE HOSPIT STATION 1,Red Lake,MN,56671,47.87777,-95.028506
BWL IL STATION BWL IL STATION1,Oak Park Heights,MN,55082,45.029699,-92.832046
PARKING LOT DDC EAST,Prior Lake,MN,55372,44.725238,-93.465082
PARKING LOT DDC WEST,Prior Lake,MN,55372,44.72525,-93.465146
Inver Grove Ford - DCFC,Inver Grove Heights,MN,55077,44.88046583196521,-93.08201081321305
Midwest EV Recharging,Milaca,MN,56353,45.75674,-93.63217
Albany Chrysler - DCFC,Albany,MN,56307,45.62488795734958,-94.57235415337692
Winnebago ATG,Savage,MN,55378,44.78105,-93.3919
DAKOTA COUNTY SPRING LAKE 1,Hastings,MN,55033,44.765837,-92.936183
Luther Westside Volkswagen - Level 2,St. Louis Park,MN,55416,44.96009499729604,-93.34690337717124
Arlington Hills Community Center,St. Paul,MN,55130,44.9764729428353,-93.0726399943921
WAABINOKWE IHS WESU NORTHEAST,Ogema,MN,56569,47.090977,-95.854828
Winnebago ATG MN,Savage,MN,55378,44.78101356,-93.39177942
Greensboro Condominiums & Townhomes,St. Louis Park,MN,55426,44.96233,-93.37483
Warroad City Office,Warroad,MN,56763,48.9061,-95.31778
Highline construction inc,Paynesville,MN,56362,45.35726524094089,-94.70173547529616
Buerkle Honda,Vadnais Heights,MN,55110,45.04277195386424,-93.037044703396
OLMSTED COUNTY 2122-01,Rochester,MN,55904,44.024366,-92.431237
OLMSTED COUNTY 2117-01,Rochester,MN,55904,44.022313,-92.43007
OLMSTED COUNTY 2100-01,Rochester,MN,55904,44.022216,-92.433903
Children's Museum of Southern Minnesota,Mankato,MN,56001,44.16177,-94.01349
Bloomington Chrysler Jeep Dodge Ram,Bloomington,MN,55431,44.85827736,-93.30925434
Walser Chrysler Jeep Dodge Ram Hopkins,Hopkins,MN,55343,44.92418903,-93.40491434
Inver Grove Honda,Inver Grove Heights,MN,55077,44.88260826,-93.08224985
OLMSTED COUNTY 2118-01,Rochester,MN,55904,44.023113,-92.431644
Cornerstone Ford - Level 2,Elk River,MN,55330,45.28347838869316,-93.54862509996872
ELEMENTS ELEMENTS 1,Minneapolis,MN,55410,44.920236,-93.328571
ELEMENTS ELEMENTS 2,Minneapolis,MN,55410,44.920231,-93.328587
City of Granite Falls,Granite Falls,MN,56241,44.80576,-95.53962
Austin Ford,Austin,MN,55912,43.66627836,-93.01253281
Lilac Hill,Northfield,MN,55057,44.46428006900352,-93.15048256195146
4400 Baker Rd,MINNETNKA MLS,MN,55343,44.922225632732726,-93.44892130670118
BEST BUY RETAIL LANCASTER DDC 4,Minneapolis,MN,55423,44.864497,-93.305264
BEST BUY RETAIL LANCASTER DDC 2,Minneapolis,MN,55423,44.864474,-93.30521
BEST BUY RETAIL LANCASTER DDC 1,Minneapolis,MN,55423,44.864504,-93.305028
BEST BUY RETAIL LANCASTER DDC 3,Minneapolis,MN,55423,44.864497,-93.305135
Lake Isabelle Flats,Hastings,MN,55033,44.74305093413038,-92.84776073141808
DAKOTA COUNTY NSC,West Saint Paul,MN,55118,44.884722,-93.088105
Luther Westside Volkswagen - DCFC,St. Louis Park,MN,55416,44.96009499729604,-93.34690337717124
Cornerstone Ford - DCFC,Elk River,MN,55330,45.28347838869316,-93.54862509996872
Harrison Ford of Mankato - DCFC,Mankato,MN,56001,44.165453,-93.945785
HUCK APARTMENTS STATION 1,Minneapolis,MN,55413,44.992049,-93.261321
HUCK APARTMENTS STATION 2,Minneapolis,MN,55413,44.99205,-93.261422
Bloomington Acura,Bloomington,MN,55420,44.86051287489448,-93.287542182902
Luther Audi Rochester,Rochester,MN,55901,44.05414203237832,-92.49314549348858
Ken Waschke Auto Plaza,VIRGINIA,MN,55792,47.531581,-92.540091
Dairy Queen Grill & Chill - Tesla Destination,Ely,MN,55731,47.903376,-91.844615
DAKOTA COUNTY NSC 2,West Saint Paul,MN,55118,44.884726,-93.088343
AR MPLS SN 2954 EXPRESS 250,St. Louis Park,MN,55416,44.963532,-93.342584
"Simon Albertville Premium Outlets (Albertville, MN)",Albertville,MN,55301,45.24445,-93.66541
McDonalds #7056 Rogers,"Rogers, MN 55374",MN,55374,45.195626,-93.549357
ST LOUIS PARK MSC STATION,St. Louis Park,MN,55426,44.930924,-93.371792
1600 SPRUCETREE 1600SPRUCETREE2,Saint Paul,MN,55104,44.955074,-93.168105
North Country Ford S7's,Minneapolis,MN,55433,45.1594554481442,-93.28386596773068
St. Cloud City Hall,St. Cloud,MN,56301,45.55329139188101,-94.16471871954543
WHITEKNIGHT EAST HEIGHTS 1,Mankato,MN,56001,44.170956,-93.94218
WHITEKNIGHT WEST HEIGHTS 1,Mankato,MN,56001,44.170899,-93.942339
Metropolitan Ford - DCFC,Eden Prairie,MN,55344,44.86693024987832,-93.43399088806623
Kinseth Hospitality Co,Owatonna,MN,55060,44.08275463712669,-93.2443846061219
JCHNATURECENTER CSN-01654351,Austin,MN,55912,43.678917,-92.939556
Houston CC EV Charger 1,Houston,MN,55943,43.76345,-91.56991
BELW GIANT BLUE EARTH ST 1,Blue Earth,MN,56013,43.651444,-94.095869
RIZE OPUS PARK STATION 2,Hopkins,MN,55343,44.894858,-93.407125
RIZE OPUS PARK STATION 1,Hopkins,MN,55343,44.894797,-93.407119
RIZE OPUS PARK STATION 3,Hopkins,MN,55343,44.894715,-93.407117
National Sports Village,Blaine,MN,55449,45.16048,-93.21524
Luther Infiniti of Bloomington - Series,Bloomington,MN,55431,44.85835995899854,-93.29920145852796
ST LOUIS PARK CITY HALL,St. Louis Park,MN,55416,44.94809,-93.3429
"McDonalds #12407, Maple Grove",Maple Grove,MN,55369,45.10532,-93.45243
University Avenue at 1919,Saint Paul,MN,55104,44.958365029571496,-93.18008734743276
COONRAPIDS STATION 1,Coon Rapids,MN,55433,45.196811,-93.347526
COONRAPIDS STATION 2,Coon Rapids,MN,55433,45.197012,-93.347101
SLP 8221-8231 STATION 1,St. Louis Park,MN,55426,44.935403,-93.383965
UNIV ST THOMAS TOMMIE 7,Saint Paul,MN,55105,44.940042,-93.192404
95 E 7TH STATION 1,Saint Paul,MN,55101,44.949973,-93.093511
95 E 7TH STATION 2,Saint Paul,MN,55101,44.950021,-93.093506
145 E 7TH 145 STATION 1,Saint Paul,MN,55101,44.950992,-93.092671
145 E 7TH 145 STATION 2,Saint Paul,MN,55101,44.950557,-93.092005
Ford Charge - Anderson & Koch Ford,North Branch,MN,55056,45.50936865,-92.9951544
Ford Charge - Lundgren Ford,Eveleth,MN,55734,47.4788303,-92.53139445
Ford Charge - Chuck Spaeth Ford,New Ulm,MN,56073,44.32498998,-94.47181783
Ford Charge - Atwater Ford,Atwater,MN,56209,45.13866239,-94.7837098
Ford Charge - Kruse Ford Lincoln,Marshall,MN,56258,44.45150677,-95.75121936
Ford Charge - Weelborg Ford,Redwood Falls,MN,56283,44.54185982,-95.09211866
LUNDS FOODS LUND PENFIELD 2,St Paul,MN,55101,44.951462,-93.094966
LUNDS FOODS STATION 2,Minneapolis,MN,55435,44.873084,-93.327998
LUNDS FOODS STATION 1,Minneapolis,MN,55435,44.873061,-93.32817
LUNDS FOODS LUNDS PENFIELD,St Paul,MN,55101,44.951523,-93.095084
Element by Westin Mall of America - Tesla Destination,Bloomington,MN,55425,44.85572,-93.237112
"Richfield, MN - Tesla Destination",Richfield,MN,55423,44.8641,-93.30556
Hertz Local Edition #7016 - Tesla Destination,Coon Rapids,MN,55433,45.169097,-93.334271
The Hotel Landing - Tesla Destination,Wayzata,MN,55391,44.967921,-93.505591
Apadana Solar Technologies - Tesla Destination,New Hope,MN,55427,45.019266,-93.374233
"Edina, MN (Pay to Park) - Tesla Destination",Edina,MN,55435,44.886355,-93.329387
"Hampton Inn Eden Prairie Minneapolis, Mn - Tesla Destination",Eden Prairie,MN,55344,44.861408,-93.426688
Carpenter St. Croix Valley Nature Center Minnesota Campus - Tesla Destination,Hastings,MN,55033,44.766526,-92.814444
The Colonnade - Tesla Destination,Golden Valley,MN,55416,44.971416,-93.35029
Best Western Plus Isanti - Tesla Destination,Isanti,MN,55040,45.489675,-93.238039
Charger #1,Otsego,MN,55330,45.25805683,-93.64099562
US LED,Plymouth,MN,55447,45.01409687,-93.48110173
City of Duluth Medical District Ramp #1,Duluth,MN,55805,46.79053,-92.09494
HENNEPIN COUNTY MAPLEGROVELIB 1,Maple Grove,MN,55369,45.102563,-93.44104
HENNEPIN COUNTY MAPLEGROVELIB 2,Maple Grove,MN,55369,45.102576,-93.440937
Bloomington Acura - DCFC,Bloomington,MN,55420,44.86051287489448,-93.287542182902
Dave Syverson Ford,Albert Lea,MN,56007,43.65598631128864,-93.33423626113974
League of Minnesota cities - Series,Saint Paul,MN,55103,44.9562497041027,-93.10652423223544
VLR Building B - Garage,Eagan,MN,55121,44.85714,-93.12496
VLR Building C - Garage,Eagan,MN,55121,44.85796,-93.12267
Luther Infiniti of Bloomington - DCFC,Bloomington,MN,55431,44.85835995899854,-93.29920145852796
OLMSTED COUNTY PWSC-01,Rochester,MN,55902,43.948787,-92.443275
McD #671 Jefferson,St. Paul,MN,55102,44.931107,-93.122372
MALL OF AMERICA MOA EAST P1 S,Bloomington,MN,55425,44.855003,-93.239362
MALL OF AMERICA MOA EAST P4 S,Bloomington,MN,55425,44.854908,-93.239368
MALL OF AMERICA MOA WEST P1 S,Bloomington,MN,55425,44.854589,-93.245091
MALL OF AMERICA MOA WEST P1 N,Bloomington,MN,55425,44.854697,-93.245033
MALL OF AMERICA MOA WEST P4 N,Bloomington,MN,55425,44.854599,-93.244869
MALL OF AMERICA MOA WEST P4 S,Bloomington,MN,55425,44.854517,-93.244888
MALL OF AMERICA MOA EAST P4 N,Bloomington,MN,55425,44.854932,-93.239393
ZEST ZEST 2,Minneapolis,MN,55419,44.90472,-93.27865
MARTINBLU SPOTS 201 & 202,Eden Prairie,MN,55344,44.863917,-93.458159
MARTINBLU SPOTS 142 & 144,Eden Prairie,MN,55344,44.863869,-93.458179
MARTINBLU SPOTS 203 & 204,Eden Prairie,MN,55344,44.864013,-93.458212
"Menards Alexandria 3183 (Alexandria, MN)",Alexandria,MN,56308,45.84646,-95.38148
SOUTH 1,New Brighton,MN,55112,45.054775,-93.19261
3M 236 STATION #3,Maplewood,MN,55119,44.954259,-92.987674
DAIKIN APPLIED DAIKIN 4,Plymouth,MN,55441,45.0038,-93.452962
DAIKIN APPLIED DAIKIN 5,Plymouth,MN,55441,45.00375,-93.452923
DAIKIN APPLIED DAIKIN 3,Plymouth,MN,55441,45.003828,-93.452902
DAIKIN APPLIED DAIKIN 1,Minneapolis,MN,55441,45.00453,-93.45237
DAIKIN APPLIED DAIKIN 2,Plymouth,MN,55441,45.003787,-93.452875
PARKING LOT LSC WEST,Prior Lake,MN,55372,44.736414,-93.47561
Mill on Main,Austin,MN,55912,43.67264747397292,-92.9761352620058
PARKING LOT HOCOKATA TI LLE,Shakopee,MN,55379,44.758759,-93.46322
PARKING LOT HOCOKATA TI LLW,Shakopee,MN,55379,44.758738,-93.463293
EPCC-1 CITY DC FAST 2,Eden Prairie,MN,55344,44.855735,-93.462115
EPCC-1 CITY DC FAST 1,Eden Prairie,MN,55344,44.855739,-93.462063
AU Office Lvl 2,Austin,MN,55912,43.68694,-92.95303
BIGOS EV CT4000,Minneapolis,MN,55414,44.98595,-93.253257
PARKING LOT HOCOKATA TI ULW,Shakopee,MN,55379,44.758509,-93.463325
PARKING LOT HOCOKATA TI ULE,Shakopee,MN,55379,44.758453,-93.463293
ST LOUIS PARK AQUILA PARK STN,St. Louis Park,MN,55426,44.945734,-93.385942
